Workbook

Sheet requestors pivot
A2: Requestor_ID | E2: Email | F2: first_name | G2: last_name | H2: Phone | I2: City | J2: State | K2: Credits | L2: code_generated_when | M2: Admin | N2: Creation_date | O2: Last_mod_date | P2: last_failed_login
A3: Row Labels | B3: Max of P-Days | C3: Min of P-Days
A4: 1962792 | B4: 2 | C4: 2 | E4: =LOOKUP($A4,original!$AE:$AE,original!H:H) -> sam.hoffman99@gmail.com | F4: =LOOKUP($A4,original!$AE:$AE,original!A:A) -> Sam | G4: =LOOKUP($A4,original!$AE:$AE,original!B:B) -> Hoffman | H4: =LOOKUP($A4,original!$AE:$AE,original!G:G) -> 720-810-5776 | I4: =IF(LOOKUP($A4,original!$AE:$AE,original!D:D)=0,"",LOOKUP($A4,original!$AE:$AE,original!D:D)) -> Oakland | J4: =IF(LOOKUP($A4,original!$AE:$AE,original!E:E)=0,"",LOOKUP($A4,original!$AE:$AE,original!E:E)) -> CA | K4: =LOOKUP($A4,original!$AE:$AE,original!M:M) -> 2 | M4: FALSE
A5: 1969495 | B5: 2 | C5: 2 | E5: =LOOKUP($A5,original!$AE:$AE,original!H:H) -> ben.spielman1223@gmail.com | F5: =LOOKUP($A5,original!$AE:$AE,original!A:A) -> Benjamin | G5: =LOOKUP($A5,original!$AE:$AE,original!B:B) -> Spielman | H5: =LOOKUP($A5,original!$AE:$AE,original!G:G) -> 301-830-0735 | I5: =IF(LOOKUP($A5,original!$AE:$AE,original!D:D)=0,"",LOOKUP($A5,original!$AE:$AE,original!D:D)) -> San Francisco | J5: =IF(LOOKUP($A5,original!$AE:$AE,original!E:E)=0,"",LOOKUP($A5,original!$AE:$AE,original!E:E)) -> CA | K5: =LOOKUP($A5,original!$AE:$AE,original!M:M) -> 2 | M5: FALSE
A6: 1975905 | B6: 2 | C6: 2 | E6: =LOOKUP($A6,original!$AE:$AE,original!H:H) -> leo.stanislas@gmail.com | F6: =LOOKUP($A6,original!$AE:$AE,original!A:A) -> Leo | G6: =LOOKUP($A6,original!$AE:$AE,original!B:B) -> Stanislaus | H6: =LOOKUP($A6,original!$AE:$AE,original!G:G) -> 818-930-2028 | I6: =IF(LOOKUP($A6,original!$AE:$AE,original!D:D)=0,"",LOOKUP($A6,original!$AE:$AE,original!D:D)) -> South Lake Tahoe | J6: =IF(LOOKUP($A6,original!$AE:$AE,original!E:E)=0,"",LOOKUP($A6,original!$AE:$AE,original!E:E)) -> CA | K6: =LOOKUP($A6,original!$AE:$AE,original!M:M) -> 2 | M6: FALSE
A7: 2009181 | B7: 14 | C7: 14 | E7: =LOOKUP($A7,original!$AE:$AE,original!H:H) -> hut.coord@yahoo.com | F7: =LOOKUP($A7,original!$AE:$AE,original!A:A) -> Dick | G7: =LOOKUP($A7,original!$AE:$AE,original!B:B) -> Simpson | H7: =LOOKUP($A7,original!$AE:$AE,original!G:G) -> 650-494-9272 | I7: =IF(LOOKUP($A7,original!$AE:$AE,original!D:D)=0,"",LOOKUP($A7,original!$AE:$AE,original!D:D)) -> Palo Alto | J7: =IF(LOOKUP($A7,original!$AE:$AE,original!E:E)=0,"",LOOKUP($A7,original!$AE:$AE,original!E:E)) -> CA | K7: =LOOKUP($A7,original!$AE:$AE,original!M:M) -> 14 | M7: TRUE
A8: 3147593 | B8: 2 | C8: 2 | E8: =LOOKUP($A8,original!$AE:$AE,original!H:H) -> tk6174@gmail.com | F8: =LOOKUP($A8,original!$AE:$AE,original!A:A) -> Teddy | G8: =LOOKUP($A8,original!$AE:$AE,original!B:B) -> Koerner | H8: =LOOKUP($A8,original!$AE:$AE,original!G:G) -> 303-956-0501 | I8: =IF(LOOKUP($A8,original!$AE:$AE,original!D:D)=0,"",LOOKUP($A8,original!$AE:$AE,original!D:D)) -> San Francisco | J8: =IF(LOOKUP($A8,original!$AE:$AE,original!E:E)=0,"",LOOKUP($A8,original!$AE:$AE,original!E:E)) -> CA | K8: =LOOKUP($A8,original!$AE:$AE,original!M:M) -> 2 | M8: FALSE
A9: 3486858 | B9: 4 | C9: 4 | E9: =LOOKUP($A9,original!$AE:$AE,original!H:H) -> elk1234567@yahoo.com | F9: =LOOKUP($A9,original!$AE:$AE,original!A:A) -> Ethan | G9: =LOOKUP($A9,original!$AE:$AE,original!B:B) -> Kennon | H9: =LOOKUP($A9,original!$AE:$AE,original!G:G) -> 707-315-9872 | I9: =IF(LOOKUP($A9,original!$AE:$AE,original!D:D)=0,"",LOOKUP($A9,original!$AE:$AE,original!D:D)) -> San Francisco | J9: =IF(LOOKUP($A9,original!$AE:$AE,original!E:E)=0,"",LOOKUP($A9,original!$AE:$AE,original!E:E)) -> CA | K9: =LOOKUP($A9,original!$AE:$AE,original!M:M) -> 4 | M9: FALSE
A10: 7212312 | B10: 2 | C10: 2 | E10: =LOOKUP($A10,original!$AE:$AE,original!H:H) -> st1993@gmail.com | F10: =LOOKUP($A10,original!$AE:$AE,original!A:A) -> Scott | G10: =LOOKUP($A10,original!$AE:$AE,original!B:B) -> Bennett | H10: =LOOKUP($A10,original!$AE:$AE,original!G:G) -> 650-283-9916 | I10: =IF(LOOKUP($A10,original!$AE:$AE,original!D:D)=0,"",LOOKUP($A10,original!$AE:$AE,original!D:D)) -> San Francisco | J10: =IF(LOOKUP($A10,original!$AE:$AE,original!E:E)=0,"",LOOKUP($A10,original!$AE:$AE,original!E:E)) -> CA | K10: =LOOKUP($A10,original!$AE:$AE,original!M:M) -> 2 | M10: FALSE
A11: 27044381 | B11: 2 | C11: 2 | E11: =LOOKUP($A11,original!$AE:$AE,original!H:H) -> hal_tompkins@yahoo.com | F11: =LOOKUP($A11,original!$AE:$AE,original!A:A) -> Hal | G11: =LOOKUP($A11,original!$AE:$AE,original!B:B) -> Tompkins | H11: =LOOKUP($A11,original!$AE:$AE,original!G:G) -> 650-400-8351 | I11: =IF(LOOKUP($A11,original!$AE:$AE,original!D:D)=0,"",LOOKUP($A11,original!$AE:$AE,original!D:D)) -> Redwood City | J11: =IF(LOOKUP($A11,original!$AE:$AE,original!E:E)=0,"",LOOKUP($A11,original!$AE:$AE,original!E:E)) -> CA | K11: =LOOKUP($A11,original!$AE:$AE,original!M:M) -> 2 | M11: FALSE
A12: 28075512 | B12: 2 | C12: 2 | E12: =LOOKUP($A12,original!$AE:$AE,original!H:H) -> sjmac650@gmail.com | F12: =LOOKUP($A12,original!$AE:$AE,original!A:A) -> Sarah | G12: =LOOKUP($A12,original!$AE:$AE,original!B:B) -> MacPherson | H12: =LOOKUP($A12,original!$AE:$AE,original!G:G) -> 650-334-1015 | I12: =IF(LOOKUP($A12,original!$AE:$AE,original!D:D)=0,"",LOOKUP($A12,original!$AE:$AE,original!D:D)) -> San Francisco | J12: =IF(LOOKUP($A12,original!$AE:$AE,original!E:E)=0,"",LOOKUP($A12,original!$AE:$AE,original!E:E)) -> CA | K12: =LOOKUP($A12,original!$AE:$AE,original!M:M) -> 2 | M12: FALSE
A13: 28075894 | B13: 2 | C13: 2 | E13: =LOOKUP($A13,original!$AE:$AE,original!H:H) -> aomalley17@gmail.com | F13: =LOOKUP($A13,original!$AE:$AE,original!A:A) -> Anna | G13: =LOOKUP($A13,original!$AE:$AE,original!B:B) -> O'Malley | H13: =LOOKUP($A13,original!$AE:$AE,original!G:G) -> 802-540-5101 | I13: =IF(LOOKUP($A13,original!$AE:$AE,original!D:D)=0,"",LOOKUP($A13,original!$AE:$AE,original!D:D)) -> San Francisco | J13: =IF(LOOKUP($A13,original!$AE:$AE,original!E:E)=0,"",LOOKUP($A13,original!$AE:$AE,original!E:E)) -> CA | K13: =LOOKUP($A13,original!$AE:$AE,original!M:M) -> 2 | M13: FALSE
A14: 28090137 | B14: 2 | C14: 2 | E14: =LOOKUP($A14,original!$AE:$AE,original!H:H) -> d1passmore@yahoo.com | F14: =LOOKUP($A14,original!$AE:$AE,original!A:A) -> David | G14: =LOOKUP($A14,original!$AE:$AE,original!B:B) -> Passmore | H14: =LOOKUP($A14,original!$AE:$AE,original!G:G) -> 650-215-0374 | I14: =IF(LOOKUP($A14,original!$AE:$AE,original!D:D)=0,"",LOOKUP($A14,original!$AE:$AE,original!D:D)) -> San Francisco | J14: =IF(LOOKUP($A14,original!$AE:$AE,original!E:E)=0,"",LOOKUP($A14,original!$AE:$AE,original!E:E)) -> CA | K14: =LOOKUP($A14,original!$AE:$AE,original!M:M) -> 2 | M14: FALSE
A15: 28106784 | B15: 2 | C15: 2 | E15: =LOOKUP($A15,original!$AE:$AE,original!H:H) -> karadu422@gmail.com | F15: =LOOKUP($A15,original!$AE:$AE,original!A:A) -> Kate | G15: =LOOKUP($A15,original!$AE:$AE,original!B:B) -> Radu | H15: =LOOKUP($A15,original!$AE:$AE,original!G:G) -> 214-402-3918 | I15: =IF(LOOKUP($A15,original!$AE:$AE,original!D:D)=0,"",LOOKUP($A15,original!$AE:$AE,original!D:D)) -> Redwood City | J15: =IF(LOOKUP($A15,original!$AE:$AE,original!E:E)=0,"",LOOKUP($A15,original!$AE:$AE,original!E:E)) -> CA | K15: =LOOKUP($A15,original!$AE:$AE,original!M:M) -> 2 | M15: FALSE
... A86: 40395911 | B86: 2 | C86: 2 | E86: =LOOKUP($A86,original!$AE:$AE,original!H:H) -> roryoneill6@gmail.com | F86: =LOOKUP($A86,original!$AE:$AE,original!A:A) -> Rory | G86: =LOOKUP($A86,original!$AE:$AE,original!B:B) -> O'Neill | H86: =LOOKUP($A86,original!$AE:$AE,original!G:G) -> 240-705-4959 | I86: =IF(LOOKUP($A86,original!$AE:$AE,original!D:D)=0,"",LOOKUP($A86,original!$AE:$AE,original!D:D)) -> Oakland | J86: =IF(LOOKUP($A86,original!$AE:$AE,original!E:E)=0,"",LOOKUP($A86,original!$AE:$AE,original!E:E)) -> CA | K86: =LOOKUP($A86,original!$AE:$AE,original!M:M) -> 2 | M86: FALSE
A87: #VALUE!
A88: (blank)
A89: Grand Total | B89: 14 | C89: 1

Sheet original
A1: First Name | B1: Last Name | C1: Address | D1: City | E1: ST | F1: ZIP | G1: Phone | H1: E-Mail | I1: Hut | J1: Start | K1: Days | L1: #People | M1: P-Days | N1: Notes | O1: Ldr | P1: Special | Q1: Received | R1: Pref | S1: Hut | T1: YYi | U1: MMi | V1: DDi | W1: YYo | X1: MMo | Y1: DDo | Z1: Nights | AA1: Spaces | AB1: Flex? | AC1: Alloc? | AD1: Round2 | AE1: Requestor_ID | AF1: Benson | AG1: Bradley | AH1: Grubb | AI1: Ludlow | AJ1: Arrival | AK1: Departure | AL1: Choice_Number | AM1: Spots_ideal | AN1: Spots_min | AO1: Hut_granted | AP1: Spots_granted | AQ1: Status | AR1: Confirmed_How | AS1: Creation_date | AT1: Last_mod_date
A2: Sam | B2: Hoffman | D2: Oakland | E2: CA | G2: 720-810-5776 | H2: sam.hoffman99@gmail.com | I2: PGH | J2: 2025/07/19 | K2: 2 | L2: 1 | M2: =K2*L2 -> 2 | Q2: 251030t215200 | R2: 1 | S2: BEN | T2: 26 | U2: 2 | V2: 7 | W2: 26 | X2: 2 | Y2: 8 | Z2: =1000*(W2-T2)+100*(X2-U2)+(Y2-V2) -> 1 | AA2: 9 | AB2: HD | AC2: Y | AE2: =(CODE(MID(H2,1,1))-43)+(CODE(MID(H2,2,1))-43)*80+(CODE(MID(H2,3,1))-43)*80*80+(CODE(MID(H2,4,1))-43)*80*80*80 -> 1962792 | AF2: =OR($S2="BEN",NOT(ISERROR(SEARCH("H",$AB2)))) -> TRUE | AG2: =OR($S2="BRA",NOT(ISERROR(SEARCH("H",$AB2)))) -> TRUE | AH2: =OR($S2="PGH",NOT(ISERROR(SEARCH("H",$AB2)))) -> TRUE | AI2: =OR($S2="LUD",NOT(ISERROR(SEARCH("H",$AB2)))) -> TRUE | AJ2: =DATE(T2+2000,U2,V2) -> 44598 | AK2: =DATE(2000+W2,X2,Y2) -> 44599 | AL2: =VALUE(RIGHT(R2,1)) -> 1 | AM2: =AA2 -> 9 | AN2: =IF(ISERROR(SEARCH("N",$AB2)),AM2,MAX(AM2-4,4)) -> 9
A3: Benjamin | B3: Spielman | C3: 451 30th Ave | D3: San Francisco | E3: CA | F3: 94121 | G3: 301-830-0735 | H3: ben.spielman1223@gmail.com | I3: BRA | J3: 2025/09/20 | K3: 2 | L3: 1 | M3: =K3*L3 -> 2 | Q3: 251021t205900 | R3: 3 | S3: PGH | T3: 26 | U3: 1 | V3: 17 | W3: 26 | X3: 1 | Y3: 19 | Z3: =1000*(W3-T3)+100*(X3-U3)+(Y3-V3) -> 2 | AA3: 6 | AB3: D | AC3: Y | AE3: =(CODE(MID(H3,1,1))-43)+(CODE(MID(H3,2,1))-43)*80+(CODE(MID(H3,3,1))-43)*80*80+(CODE(MID(H3,4,1))-43)*80*80*80 -> 1969495 | AF3: =OR($S3="BEN",NOT(ISERROR(SEARCH("H",$AB3)))) -> FALSE | AG3: =OR($S3="BRA",NOT(ISERROR(SEARCH("H",$AB3)))) -> FALSE | AH3: =OR($S3="PGH",NOT(ISERROR(SEARCH("H",$AB3)))) -> TRUE | AI3: =OR($S3="LUD",NOT(ISERROR(SEARCH("H",$AB3)))) -> FALSE | AJ3: =DATE(T3+2000,U3,V3) -> 44577 | AK3: =DATE(2000+W3,X3,Y3) -> 44579 | AL3: =VALUE(RIGHT(R3,1)) -> 3 | AM3: =AA3 -> 6 | AN3: =IF(ISERROR(SEARCH("N",$AB3)),AM3,MAX(AM3-4,4)) -> 6
A4: Leo | B4: Stanislaus | C4: 1874 Mohican Dr. | D4: South Lake Tahoe | E4: CA | G4: 818-930-2028 | H4: leo.stanislas@gmail.com | I4: BEN | J4: 2025/07/12 | K4: 2 | L4: 1 | M4: 2 | Q4: 251031t110700 | R4: 1 | S4: BEN | T4: 26 | U4: 3 | V4: 13 | W4: 26 | X4: 3 | Y4: 14 | Z4: =1000*(W4-T4)+100*(X4-U4)+(Y4-V4) -> 1 | AA4: 12 | AC4: Y | AE4: =(CODE(MID(H4,1,1))-43)+(CODE(MID(H4,2,1))-43)*80+(CODE(MID(H4,3,1))-43)*80*80+(CODE(MID(H4,4,1))-43)*80*80*80 -> 1975905 | AF4: =OR($S4="BEN",NOT(ISERROR(SEARCH("H",$AB4)))) -> TRUE | AG4: =OR($S4="BRA",NOT(ISERROR(SEARCH("H",$AB4)))) -> FALSE | AH4: =OR($S4="PGH",NOT(ISERROR(SEARCH("H",$AB4)))) -> FALSE | AI4: =OR($S4="LUD",NOT(ISERROR(SEARCH("H",$AB4)))) -> FALSE | AJ4: =DATE(T4+2000,U4,V4) -> 44632 | AK4: =DATE(2000+W4,X4,Y4) -> 44633 | AL4: =VALUE(RIGHT(R4,1)) -> 1 | AM4: =AA4 -> 12 | AN4: =IF(ISERROR(SEARCH("N",$AB4)),AM4,MAX(AM4-4,4)) -> 12
A5: Leo | B5: Stanislaus | C5: 1874 Mohican Dr. | D5: South Lake Tahoe | E5: CA | G5: 818-930-2028 | H5: leo.stanislas@gmail.com | I5: BEN | J5: 2025/07/12 | K5: 2 | L5: 1 | M5: 2 | Q5: 251031t110700 | R5: 1 | S5: BRA | T5: 26 | U5: 3 | V5: 14 | W5: 26 | X5: 3 | Y5: 15 | Z5: =1000*(W5-T5)+100*(X5-U5)+(Y5-V5) -> 1 | AA5: 15 | AC5: Y | AE5: =(CODE(MID(H5,1,1))-43)+(CODE(MID(H5,2,1))-43)*80+(CODE(MID(H5,3,1))-43)*80*80+(CODE(MID(H5,4,1))-43)*80*80*80 -> 1975905 | AF5: =OR($S5="BEN",NOT(ISERROR(SEARCH("H",$AB5)))) -> FALSE | AG5: =OR($S5="BRA",NOT(ISERROR(SEARCH("H",$AB5)))) -> TRUE | AH5: =OR($S5="PGH",NOT(ISERROR(SEARCH("H",$AB5)))) -> FALSE | AI5: =OR($S5="LUD",NOT(ISERROR(SEARCH("H",$AB5)))) -> FALSE | AJ5: =DATE(T5+2000,U5,V5) -> 44633 | AK5: =DATE(2000+W5,X5,Y5) -> 44634 | AL5: =VALUE(RIGHT(R5,1)) -> 1 | AM5: =AA5 -> 15 | AN5: =IF(ISERROR(SEARCH("N",$AB5)),AM5,MAX(AM5-4,4)) -> 15
A6: Dick | B6: Simpson | C6: 3326 Kipling St. | D6: Palo Alto | E6: CA | F6: 94306 | G6: 650-494-9272 | H6: hut.coord@yahoo.com | I6: PGH | J6: 2025/07/19 | K6: 13 | L6: 1 | M6: 14 | N6: Leader | O6: L | P6: LPC STS | Q6: 251022t085900 | R6: 1 | S6: PGH | T6: 26 | U6: 1 | V6: 30 | W6: 26 | X6: 2 | Y6: 1 | Z6: 2 | AA6: 15 | AC6: Y | AE6: =(CODE(MID(H6,1,1))-43)+(CODE(MID(H6,2,1))-43)*80+(CODE(MID(H6,3,1))-43)*80*80+(CODE(MID(H6,4,1))-43)*80*80*80 -> 2009181 | AF6: =OR($S6="BEN",NOT(ISERROR(SEARCH("H",$AB6)))) -> FALSE | AG6: =OR($S6="BRA",NOT(ISERROR(SEARCH("H",$AB6)))) -> FALSE | AH6: =OR($S6="PGH",NOT(ISERROR(SEARCH("H",$AB6)))) -> TRUE | AI6: =OR($S6="LUD",NOT(ISERROR(SEARCH("H",$AB6)))) -> FALSE | AJ6: =DATE(T6+2000,U6,V6) -> 44590 | AK6: =DATE(2000+W6,X6,Y6) -> 44592 | AL6: =VALUE(RIGHT(R6,1)) -> 1 | AM6: =AA6 -> 15 | AN6: =IF(ISERROR(SEARCH("N",$AB6)),AM6,MAX(AM6-4,4)) -> 15
A7: Teddy | B7: Koerner | C7: 1275 McAllister | D7: San Francisco | E7: CA | G7: 303-956-0501 | H7: tk6174@gmail.com | I7: LUD | J7: 2025/10/04 | K7: 2 | L7: 1 | M7: =K7*L7 -> 2 | Q7: 251029t151000 | R7: 4 | S7: LUD | T7: 26 | U7: 3 | V7: 6 | W7: 26 | X7: 3 | Y7: 8 | Z7: =1000*(W7-T7)+100*(X7-U7)+(Y7-V7) -> 2 | AA7: 15 | AC7: Y | AE7: =(CODE(MID(H7,1,1))-43)+(CODE(MID(H7,2,1))-43)*80+(CODE(MID(H7,3,1))-43)*80*80+(CODE(MID(H7,4,1))-43)*80*80*80 -> 3147593 | AF7: =OR($S7="BEN",NOT(ISERROR(SEARCH("H",$AB7)))) -> FALSE | AG7: =OR($S7="BRA",NOT(ISERROR(SEARCH("H",$AB7)))) -> FALSE | AH7: =OR($S7="PGH",NOT(ISERROR(SEARCH("H",$AB7)))) -> FALSE | AI7: =OR($S7="LUD",NOT(ISERROR(SEARCH("H",$AB7)))) -> TRUE | AJ7: =DATE(T7+2000,U7,V7) -> 44625 | AK7: =DATE(2000+W7,X7,Y7) -> 44627 | AL7: =VALUE(RIGHT(R7,1)) -> 4 | AM7: =AA7 -> 15 | AN7: =IF(ISERROR(SEARCH("N",$AB7)),AM7,MAX(AM7-4,4)) -> 15
A8: Ethan | B8: Kennon | C8: 1270 Storey Ave D | D8: San Francisco | E8: CA | F8: 94129 | G8: 707-315-9872 | H8: elk1234567@yahoo.com | I8: PGH | J8: 2025/08/16 | K8: 4 | L8: 1 | M8: =K8*L8 -> 4 | N8: Leader | O8: L | Q8: 251028t110400 | R8: 1 | S8: BEN | T8: 26 | U8: 1 | V8: 16 | W8: 26 | X8: 1 | Y8: 19 | Z8: =1000*(W8-T8)+100*(X8-U8)+(Y8-V8) -> 3 | AA8: 12 | AB8: N | AC8: Y | AE8: =(CODE(MID(H8,1,1))-43)+(CODE(MID(H8,2,1))-43)*80+(CODE(MID(H8,3,1))-43)*80*80+(CODE(MID(H8,4,1))-43)*80*80*80 -> 3486858 | AF8: =OR($S8="BEN",NOT(ISERROR(SEARCH("H",$AB8)))) -> TRUE | AG8: =OR($S8="BRA",NOT(ISERROR(SEARCH("H",$AB8)))) -> FALSE | AH8: =OR($S8="PGH",NOT(ISERROR(SEARCH("H",$AB8)))) -> FALSE | AI8: =OR($S8="LUD",NOT(ISERROR(SEARCH("H",$AB8)))) -> FALSE | AJ8: =DATE(T8+2000,U8,V8) -> 44576 | AK8: =DATE(2000+W8,X8,Y8) -> 44579 | AL8: =VALUE(RIGHT(R8,1)) -> 1 | AM8: =AA8 -> 12 | AN8: =IF(ISERROR(SEARCH("N",$AB8)),AM8,MAX(AM8-4,4)) -> 8
A9: Scott | B9: Bennett | C9: 1476 Valencia - Apt 12 | D9: San Francisco | E9: CA | F9: 94110 | G9: 650-283-9916 | H9: st1993@gmail.com | I9: PGH | J9: 2025/08/16 | K9: 2 | L9: 1 | M9: =K9*L9 -> 2 | Q9: 251025t195500 | R9: 1 | S9: PGH | T9: 26 | U9: 1 | V9: 17 | W9: 26 | X9: 1 | Y9: 19 | Z9: =1000*(W9-T9)+100*(X9-U9)+(Y9-V9) -> 2 | AA9: 6 | AC9: Y | AE9: =(CODE(MID(H9,1,1))-43)+(CODE(MID(H9,2,1))-43)*80+(CODE(MID(H9,3,1))-43)*80*80+(CODE(MID(H9,4,1))-43)*80*80*80 -> 7212312 | AF9: =OR($S9="BEN",NOT(ISERROR(SEARCH("H",$AB9)))) -> FALSE | AG9: =OR($S9="BRA",NOT(ISERROR(SEARCH("H",$AB9)))) -> FALSE | AH9: =OR($S9="PGH",NOT(ISERROR(SEARCH("H",$AB9)))) -> TRUE | AI9: =OR($S9="LUD",NOT(ISERROR(SEARCH("H",$AB9)))) -> FALSE | AJ9: =DATE(T9+2000,U9,V9) -> 44577 | AK9: =DATE(2000+W9,X9,Y9) -> 44579 | AL9: =VALUE(RIGHT(R9,1)) -> 1 | AM9: =AA9 -> 6 | AN9: =IF(ISERROR(SEARCH("N",$AB9)),AM9,MAX(AM9-4,4)) -> 6
A10: Hal | B10: Tompkins | C10: 3134 Oak Knoll Drive | D10: Redwood City | E10: CA | F10: 94062 | G10: 650-400-8351 | H10: hal_tompkins@yahoo.com | I10: BRA | J10: 2025/09/20 | K10: 2 | L10: 1 | M10: =K10*L10 -> 2 | N10: Leader | O10: L | P10: LPC STS | Q10: 251025t073200 | R10: 1 | S10: BRA | T10: 26 | U10: 1 | V10: 24 | W10: 26 | X10: 1 | Y10: 26 | Z10: =1000*(W10-T10)+100*(X10-U10)+(Y10-V10) -> 2 | AA10: 15 | AC10: Y | AE10: =(CODE(MID(H10,1,1))-43)+(CODE(MID(H10,2,1))-43)*80+(CODE(MID(H10,3,1))-43)*80*80+(CODE(MID(H10,4,1))-43)*80*80*80 -> 27044381 | AF10: =OR($S10="BEN",NOT(ISERROR(SEARCH("H",$AB10)))) -> FALSE | AG10: =OR($S10="BRA",NOT(ISERROR(SEARCH("H",$AB10)))) -> TRUE | AH10: =OR($S10="PGH",NOT(ISERROR(SEARCH("H",$AB10)))) -> FALSE | AI10: =OR($S10="LUD",NOT(ISERROR(SEARCH("H",$AB10)))) -> FALSE | AJ10: =DATE(T10+2000,U10,V10) -> 44584 | AK10: =DATE(2000+W10,X10,Y10) -> 44586 | AL10: =VALUE(RIGHT(R10,1)) -> 1 | AM10: =AA10 -> 15 | AN10: =IF(ISERROR(SEARCH("N",$AB10)),AM10,MAX(AM10-4,4)) -> 15
A11: Sarah | B11: MacPherson | C11: 1350 Pine St. | D11: San Francisco | E11: CA | F11: 94109 | G11: 650-334-1015 | H11: sjmac650@gmail.com | I11: BRA | J11: 2025/09/20 | K11: 2 | L11: 1 | M11: =K11*L11 -> 2 | Q11: 251031t124000 | R11: 1 | S11: BRA | T11: 26 | U11: 1 | V11: 15 | W11: 26 | X11: 1 | Y11: 18 | Z11: =1000*(W11-T11)+100*(X11-U11)+(Y11-V11) -> 3 | AA11: 6 | AB11: DN | AC11: Y | AE11: =(CODE(MID(H11,1,1))-43)+(CODE(MID(H11,2,1))-43)*80+(CODE(MID(H11,3,1))-43)*80*80+(CODE(MID(H11,4,1))-43)*80*80*80 -> 28075512 | AF11: =OR($S11="BEN",NOT(ISERROR(SEARCH("H",$AB11)))) -> FALSE | AG11: =OR($S11="BRA",NOT(ISERROR(SEARCH("H",$AB11)))) -> TRUE | AH11: =OR($S11="PGH",NOT(ISERROR(SEARCH("H",$AB11)))) -> FALSE | AI11: =OR($S11="LUD",NOT(ISERROR(SEARCH("H",$AB11)))) -> FALSE | AJ11: =DATE(T11+2000,U11,V11) -> 44575 | AK11: =DATE(2000+W11,X11,Y11) -> 44578 | AL11: =VALUE(RIGHT(R11,1)) -> 1 | AM11: =AA11 -> 6 | AN11: =IF(ISERROR(SEARCH("N",$AB11)),AM11,MAX(AM11-4,4)) -> 4
A12: Anna | B12: O'Malley | D12: San Francisco | E12: CA | G12: 802-540-5101 | H12: aomalley17@gmail.com | I12: PGH | J12: 2025/07/19 | K12: 2 | L12: 1 | M12: =K12*L12 -> 2 | Q12: 251029t154700 | R12: 2 | S12: BEN | T12: 26 | U12: 3 | V12: 14 | W12: 26 | X12: 3 | Y12: 15 | Z12: =1000*(W12-T12)+100*(X12-U12)+(Y12-V12) -> 1 | AA12: 7 | AB12: N | AC12: Y | AE12: =(CODE(MID(H12,1,1))-43)+(CODE(MID(H12,2,1))-43)*80+(CODE(MID(H12,3,1))-43)*80*80+(CODE(MID(H12,4,1))-43)*80*80*80 -> 28075894 | AF12: =OR($S12="BEN",NOT(ISERROR(SEARCH("H",$AB12)))) -> TRUE | AG12: =OR($S12="BRA",NOT(ISERROR(SEARCH("H",$AB12)))) -> FALSE | AH12: =OR($S12="PGH",NOT(ISERROR(SEARCH("H",$AB12)))) -> FALSE | AI12: =OR($S12="LUD",NOT(ISERROR(SEARCH("H",$AB12)))) -> FALSE | AJ12: =DATE(T12+2000,U12,V12) -> 44633 | AK12: =DATE(2000+W12,X12,Y12) -> 44634 | AL12: =VALUE(RIGHT(R12,1)) -> 2 | AM12: =AA12 -> 7 | AN12: =IF(ISERROR(SEARCH("N",$AB12)),AM12,MAX(AM12-4,4)) -> 4
A13: David | B13: Passmore | C13: 2368 21st Ave | D13: San Francisco | E13: CA | F13: 94116 | G13: 650-215-0374 | H13: d1passmore@yahoo.com | I13: BRA | J13: 2025/09/20 | K13: 2 | L13: 1 | M13: =K13*L13 -> 2 | Q13: 251103t180200 | R13: S1 | S13: BRA | T13: 26 | U13: 3 | V13: 15 | W13: 26 | X13: 3 | Y13: 17 | Z13: =1000*(W13-T13)+100*(X13-U13)+(Y13-V13) -> 2 | AA13: 10 | AB13: N | AC13: Y | AD13: completed | AE13: =(CODE(MID(H13,1,1))-43)+(CODE(MID(H13,2,1))-43)*80+(CODE(MID(H13,3,1))-43)*80*80+(CODE(MID(H13,4,1))-43)*80*80*80 -> 28090137 | AF13: =OR($S13="BEN",NOT(ISERROR(SEARCH("H",$AB13)))) -> FALSE | AG13: =OR($S13="BRA",NOT(ISERROR(SEARCH("H",$AB13)))) -> TRUE | AH13: =OR($S13="PGH",NOT(ISERROR(SEARCH("H",$AB13)))) -> FALSE | AI13: =OR($S13="LUD",NOT(ISERROR(SEARCH("H",$AB13)))) -> FALSE | AJ13: =DATE(T13+2000,U13,V13) -> 44634 | AK13: =DATE(2000+W13,X13,Y13) -> 44636 | AL13: =VALUE(RIGHT(R13,1)) -> 1 | AM13: =AA13 -> 10 | AN13: =IF(ISERROR(SEARCH("N",$AB13)),AM13,MAX(AM13-4,4)) -> 6
A14: Kate | B14: Radu | C14: 15 Skylonda Drive | D14: Redwood City | E14: CA | F14: 94062 | G14: 214-402-3918 | H14: karadu422@gmail.com | I14: PGH | J14: 2025/08/23 | K14: 2 | L14: 1 | M14: =K14*L14 -> 2 | Q14: 251028t114100 | R14: 1 | S14: PGH | T14: 26 | U14: 2 | V14: 27 | W14: 26 | X14: 3 | Y14: 2 | Z14: 3 | AA14: 15 | AC14: Y | AE14: =(CODE(MID(H14,1,1))-43)+(CODE(MID(H14,2,1))-43)*80+(CODE(MID(H14,3,1))-43)*80*80+(CODE(MID(H14,4,1))-43)*80*80*80 -> 28106784 | AF14: =OR($S14="BEN",NOT(ISERROR(SEARCH("H",$AB14)))) -> FALSE | AG14: =OR($S14="BRA",NOT(ISERROR(SEARCH("H",$AB14)))) -> FALSE | AH14: =OR($S14="PGH",NOT(ISERROR(SEARCH("H",$AB14)))) -> TRUE | AI14: =OR($S14="LUD",NOT(ISERROR(SEARCH("H",$AB14)))) -> FALSE | AJ14: =DATE(T14+2000,U14,V14) -> 44618 | AK14: =DATE(2000+W14,X14,Y14) -> 44621 | AL14: =VALUE(RIGHT(R14,1)) -> 1 | AM14: =AA14 -> 15 | AN14: =IF(ISERROR(SEARCH("N",$AB14)),AM14,MAX(AM14-4,4)) -> 15
A15: Rani | B15: Zimand | C15: 10145 Morris Valley Rd | D15: Truckee | E15: CA | G15: 301-502-1345 | H15: liranzimand@gmail.com | I15: BEN | J15: 2025/09/30 | K15: 1 | L15: 1 | M15: =K15*L15 -> 1 | Q15: 251106t064100 | R15: S1 | S15: PGH | T15: 26 | U15: 2 | V15: 13 | W15: 26 | X15: 2 | Y15: 14 | Z15: =1000*(W15-T15)+100*(X15-U15)+(Y15-V15) -> 1 | AA15: 15 | AC15: Y | AE15: =(CODE(MID(H15,1,1))-43)+(CODE(MID(H15,2,1))-43)*80+(CODE(MID(H15,3,1))-43)*80*80+(CODE(MID(H15,4,1))-43)*80*80*80 -> 28107425 | AF15: =OR($S15="BEN",NOT(ISERROR(SEARCH("H",$AB15)))) -> FALSE | AG15: =OR($S15="BRA",NOT(ISERROR(SEARCH("H",$AB15)))) -> FALSE | AH15: =OR($S15="PGH",NOT(ISERROR(SEARCH("H",$AB15)))) -> TRUE | AI15: =OR($S15="LUD",NOT(ISERROR(SEARCH("H",$AB15)))) -> FALSE | AJ15: =DATE(T15+2000,U15,V15) -> 44604 | AK15: =DATE(2000+W15,X15,Y15) -> 44605 | AL15: =VALUE(RIGHT(R15,1)) -> 1 | AM15: =AA15 -> 15 | AN15: =IF(ISERROR(SEARCH("N",$AB15)),AM15,MAX(AM15-4,4)) -> 15
A16: Benjamin | B16: Raudabaugh | C16: 15 Stoneman St. | D16: San Francisco | E16: CA | F16: 94110 | G16: 415-713-1422 | H16: bjraudabaugh@gmail.com | I16: LUD | J16: 2025/10/04 | K16: 2 | L16: 1 | M16: =K16*L16 -> 2 | Q16: 251101t094545 | R16: 9 | S16: PGH | T16: 26 | U16: 4 | V16: 25 | W16: 26 | X16: 4 | Y16: 27 | Z16: =1000*(W16-T16)+100*(X16-U16)+(Y16-V16) -> 2 | AA16: 15 | AC16: Y | AE16: =(CODE(MID(H16,1,1))-43)+(CODE(MID(H16,2,1))-43)*80+(CODE(MID(H16,3,1))-43)*80*80+(CODE(MID(H16,4,1))-43)*80*80*80 -> 28107495 | AF16: =OR($S16="BEN",NOT(ISERROR(SEARCH("H",$AB16)))) -> FALSE | AG16: =OR($S16="BRA",NOT(ISERROR(SEARCH("H",$AB16)))) -> FALSE | AH16: =OR($S16="PGH",NOT(ISERROR(SEARCH("H",$AB16)))) -> TRUE | AI16: =OR($S16="LUD",NOT(ISERROR(SEARCH("H",$AB16)))) -> FALSE | AJ16: =DATE(T16+2000,U16,V16) -> 44675 | AK16: =DATE(2000+W16,X16,Y16) -> 44677 | AL16: =VALUE(RIGHT(R16,1)) -> 9 | AM16: =AA16 -> 15 | AN16: =IF(ISERROR(SEARCH("N",$AB16)),AM16,MAX(AM16-4,4)) -> 15
A17: Michelle | B17: Trame | C17: 522 66th St. | D17: Oakland | E17: CA | F17: 94609 | G17: 310-920-6071 | H17: notactuallymichelle@gmail.com | I17: BEN | J17: 2025/07/12 | K17: 2 | L17: 1 | M17: 2 | Q17: 251030t190700 | R17: 3 | S17: BRA | T17: 26 | U17: 3 | V17: 20 | W17: 26 | X17: 3 | Y17: 22 | Z17: =1000*(W17-T17)+100*(X17-U17)+(Y17-V17) -> 2 | AA17: 7 | AB17: N | AC17: Y | AE17: =(CODE(MID(H17,1,1))-43)+(CODE(MID(H17,2,1))-43)*80+(CODE(MID(H17,3,1))-43)*80*80+(CODE(MID(H17,4,1))-43)*80*80*80 -> 28120707 | AF17: =OR($S17="BEN",NOT(ISERROR(SEARCH("H",$AB17)))) -> FALSE | AG17: =OR($S17="BRA",NOT(ISERROR(SEARCH("H",$AB17)))) -> TRUE | AH17: =OR($S17="PGH",NOT(ISERROR(SEARCH("H",$AB17)))) -> FALSE | AI17: =OR($S17="LUD",NOT(ISERROR(SEARCH("H",$AB17)))) -> FALSE | AJ17: =DATE(T17+2000,U17,V17) -> 44639 | AK17: =DATE(2000+W17,X17,Y17) -> 44641 | AL17: =VALUE(RIGHT(R17,1)) -> 3 | AM17: =AA17 -> 7 | AN17: =IF(ISERROR(SEARCH("N",$AB17)),AM17,MAX(AM17-4,4)) -> 4
A18: Amy | B18: Burdick | C18: 10145 Morris Valley Rd | D18: Truckee | E18: CA | G18: 578-859-4519 | H18: amyburdick20@gmail.com | I18: BEN | J18: 2025/09/30 | K18: 1 | L18: 1 | M18: =K18*L18 -> 1 | Q18: 251027t211700 | R18: 1 | S18: BRA | T18: 26 | U18: 3 | V18: 10 | W18: 26 | X18: 3 | Y18: 12 | Z18: =1000*(W18-T18)+100*(X18-U18)+(Y18-V18) -> 2 | AA18: 15 | AC18: Y | AE18: =(CODE(MID(H18,1,1))-43)+(CODE(MID(H18,2,1))-43)*80+(CODE(MID(H18,3,1))-43)*80*80+(CODE(MID(H18,4,1))-43)*80*80*80 -> 28664534 | AF18: =OR($S18="BEN",NOT(ISERROR(SEARCH("H",$AB18)))) -> FALSE | AG18: =OR($S18="BRA",NOT(ISERROR(SEARCH("H",$AB18)))) -> TRUE | AH18: =OR($S18="PGH",NOT(ISERROR(SEARCH("H",$AB18)))) -> FALSE | AI18: =OR($S18="LUD",NOT(ISERROR(SEARCH("H",$AB18)))) -> FALSE | AJ18: =DATE(T18+2000,U18,V18) -> 44629 | AK18: =DATE(2000+W18,X18,Y18) -> 44631 | AL18: =VALUE(RIGHT(R18,1)) -> 1 | AM18: =AA18 -> 15 | AN18: =IF(ISERROR(SEARCH("N",$AB18)),AM18,MAX(AM18-4,4)) -> 15
A19: Tracy | B19: Ballinger | G19: 385-487-3057 | H19: tracyballinger@gmail.com | I19: BEN | J19: 2025/09/19 | K19: 2 | L19: 1 | M19: =K19*L19 -> 2 | Q19: 251031t100500 | R19: 1 | S19: LUD | T19: 26 | U19: 2 | V19: 14 | W19: 26 | X19: 2 | Y19: 16 | Z19: =1000*(W19-T19)+100*(X19-U19)+(Y19-V19) -> 2 | AA19: 8 | AB19: HDN | AC19: Y | AE19: =(CODE(MID(H19,1,1))-43)+(CODE(MID(H19,2,1))-43)*80+(CODE(MID(H19,3,1))-43)*80*80+(CODE(MID(H19,4,1))-43)*80*80*80 -> 29023353 | AF19: =OR($S19="BEN",NOT(ISERROR(SEARCH("H",$AB19)))) -> TRUE | AG19: =OR($S19="BRA",NOT(ISERROR(SEARCH("H",$AB19)))) -> TRUE | AH19: =OR($S19="PGH",NOT(ISERROR(SEARCH("H",$AB19)))) -> TRUE | AI19: =OR($S19="LUD",NOT(ISERROR(SEARCH("H",$AB19)))) -> TRUE | AJ19: =DATE(T19+2000,U19,V19) -> 44605 | AK19: =DATE(2000+W19,X19,Y19) -> 44607 | AL19: =VALUE(RIGHT(R19,1)) -> 1 | AM19: =AA19 -> 8 | AN19: =IF(ISERROR(SEARCH("N",$AB19)),AM19,MAX(AM19-4,4)) -> 4
A20: Tracy | B20: Cuneo | D20: Truckee | E20: CA | G20: 530-414-6197 | H20: tracy@compnetworks.com | I20: PGH | J20: 2025/07/19 | K20: 2 | L20: 1 | M20: =K20*L20 -> 2 | Q20: 251021t153000 | R20: 5 | S20: BRA | T20: 26 | U20: 4 | V20: 10 | W20: 26 | X20: 4 | Y20: 12 | Z20: =1000*(W20-T20)+100*(X20-U20)+(Y20-V20) -> 2 | AA20: 9 | AC20: Y | AE20: =(CODE(MID(H20,1,1))-43)+(CODE(MID(H20,2,1))-43)*80+(CODE(MID(H20,3,1))-43)*80*80+(CODE(MID(H20,4,1))-43)*80*80*80 -> 29023353 | AF20: =OR($S20="BEN",NOT(ISERROR(SEARCH("H",$AB20)))) -> FALSE | AG20: =OR($S20="BRA",NOT(ISERROR(SEARCH("H",$AB20)))) -> TRUE | AH20: =OR($S20="PGH",NOT(ISERROR(SEARCH("H",$AB20)))) -> FALSE | AI20: =OR($S20="LUD",NOT(ISERROR(SEARCH("H",$AB20)))) -> FALSE | AJ20: =DATE(T20+2000,U20,V20) -> 44660 | AK20: =DATE(2000+W20,X20,Y20) -> 44662 | AL20: =VALUE(RIGHT(R20,1)) -> 5 | AM20: =AA20 -> 9 | AN20: =IF(ISERROR(SEARCH("N",$AB20)),AM20,MAX(AM20-4,4)) -> 9
A21: Jared | B21: Deck | C21: 9217 Los Puentes | D21: Newcastle | E21: CA | G21: 508-207-5771 | H21: jdeck8@gmail.com | I21: PGH | J21: 2025/10/04 | K21: 2 | L21: 1 | M21: =K21*L21 -> 2 | Q21: 251029t125700 | R21: 1 | S21: PGH | T21: 25 | U21: 12 | V21: 30 | W21: 26 | X21: 1 | Y21: 1 | Z21: 2 | AA21: 15 | AC21: Y | AE21: =(CODE(MID(H21,1,1))-43)+(CODE(MID(H21,2,1))-43)*80+(CODE(MID(H21,3,1))-43)*80*80+(CODE(MID(H21,4,1))-43)*80*80*80 -> 29047823 | AF21: =OR($S21="BEN",NOT(ISERROR(SEARCH("H",$AB21)))) -> FALSE | AG21: =OR($S21="BRA",NOT(ISERROR(SEARCH("H",$AB21)))) -> FALSE | AH21: =OR($S21="PGH",NOT(ISERROR(SEARCH("H",$AB21)))) -> TRUE | AI21: =OR($S21="LUD",NOT(ISERROR(SEARCH("H",$AB21)))) -> FALSE | AJ21: =DATE(T21+2000,U21,V21) -> 44559 | AK21: =DATE(2000+W21,X21,Y21) -> 44561 | AL21: =VALUE(RIGHT(R21,1)) -> 1 | AM21: =AA21 -> 15 | AN21: =IF(ISERROR(SEARCH("N",$AB21)),AM21,MAX(AM21-4,4)) -> 15
A22: Katie | B22: McRae | C22: 1200 Cabrolet Drive | D22: Carson City | E22: NV | F22: 89703 | G22: 775-220-9792 | H22: kamcrae@yahoo.com | I22: MUL | J22: 2025/08/20 | K22: 3 | L22: 1 | M22: =K22*L22 -> 3 | Q22: 251029t123100 | R22: 2 | S22: BRA | T22: 26 | U22: 1 | V22: 18 | W22: 26 | X22: 1 | Y22: 20 | Z22: =1000*(W22-T22)+100*(X22-U22)+(Y22-V22) -> 2 | AA22: 4 | AC22: Y | AE22: =(CODE(MID(H22,1,1))-43)+(CODE(MID(H22,2,1))-43)*80+(CODE(MID(H22,3,1))-43)*80*80+(CODE(MID(H22,4,1))-43)*80*80*80 -> 29098784 | AF22: =OR($S22="BEN",NOT(ISERROR(SEARCH("H",$AB22)))) -> FALSE | AG22: =OR($S22="BRA",NOT(ISERROR(SEARCH("H",$AB22)))) -> TRUE | AH22: =OR($S22="PGH",NOT(ISERROR(SEARCH("H",$AB22)))) -> FALSE | AI22: =OR($S22="LUD",NOT(ISERROR(SEARCH("H",$AB22)))) -> FALSE | AJ22: =DATE(T22+2000,U22,V22) -> 44578 | AK22: =DATE(2000+W22,X22,Y22) -> 44580 | AL22: =VALUE(RIGHT(R22,1)) -> 2 | AM22: =AA22 -> 4 | AN22: =IF(ISERROR(SEARCH("N",$AB22)),AM22,MAX(AM22-4,4)) -> 4
A23: Brian | B23: McRae | G23: 775-230-4338 | H23: bemcrae@yahoo.com | I23: BEN | J23: 2025/09/19 | K23: 2 | L23: 1 | M23: =K23*L23 -> 2 | Q23: 251030t145900 | R23: 1 | S23: BEN | T23: 26 | U23: 2 | V23: 8 | W23: 26 | X23: 2 | Y23: 10 | Z23: =1000*(W23-T23)+100*(X23-U23)+(Y23-V23) -> 2 | AA23: 4 | AC23: Y | AE23: =(CODE(MID(H23,1,1))-43)+(CODE(MID(H23,2,1))-43)*80+(CODE(MID(H23,3,1))-43)*80*80+(CODE(MID(H23,4,1))-43)*80*80*80 -> 29099095 | AF23: =OR($S23="BEN",NOT(ISERROR(SEARCH("H",$AB23)))) -> TRUE | AG23: =OR($S23="BRA",NOT(ISERROR(SEARCH("H",$AB23)))) -> FALSE | AH23: =OR($S23="PGH",NOT(ISERROR(SEARCH("H",$AB23)))) -> FALSE | AI23: =OR($S23="LUD",NOT(ISERROR(SEARCH("H",$AB23)))) -> FALSE | AJ23: =DATE(T23+2000,U23,V23) -> 44599 | AK23: =DATE(2000+W23,X23,Y23) -> 44601 | AL23: =VALUE(RIGHT(R23,1)) -> 1 | AM23: =AA23 -> 4 | AN23: =IF(ISERROR(SEARCH("N",$AB23)),AM23,MAX(AM23-4,4)) -> 4
A24: Hannah | B24: Mitchell | C24: 449 Valle Vista Ave | D24: Oakland | E24: CA | F24: 94610 | G24: 510-282-2108 | H24: mitchell.hannah@gmail.com | I24: CON | J24: 2025/10/18 | K24: 1 | L24: 1 | M24: =K24*L24 -> 1 | Q24: 251029t123700 | R24: 1 | S24: BRA | T24: 26 | U24: 2 | V24: 28 | W24: 26 | X24: 3 | Y24: 1 | Z24: 1 | AA24: 4 | AD24: declined | AE24: =(CODE(MID(H24,1,1))-43)+(CODE(MID(H24,2,1))-43)*80+(CODE(MID(H24,3,1))-43)*80*80+(CODE(MID(H24,4,1))-43)*80*80*80 -> 29144226 | AF24: =OR($S24="BEN",NOT(ISERROR(SEARCH("H",$AB24)))) -> FALSE | AG24: =OR($S24="BRA",NOT(ISERROR(SEARCH("H",$AB24)))) -> TRUE | AH24: =OR($S24="PGH",NOT(ISERROR(SEARCH("H",$AB24)))) -> FALSE | AI24: =OR($S24="LUD",NOT(ISERROR(SEARCH("H",$AB24)))) -> FALSE | AJ24: =DATE(T24+2000,U24,V24) -> 44619 | AK24: =DATE(2000+W24,X24,Y24) -> 44620 | AL24: =VALUE(RIGHT(R24,1)) -> 1 | AM24: =AA24 -> 4 | AN24: =IF(ISERROR(SEARCH("N",$AB24)),AM24,MAX(AM24-4,4)) -> 4
A25: Amy | B25: Chen | C25: 175 Bluxome #223 | D25: San Francisco | E25: CA | F25: 94107 | G25: 248-321-0848 | H25: amychen2012@gmail.com | I25: PGH | J25: 2025/10/04 | K25: 2 | L25: 1 | M25: =K25*L25 -> 2 | Q25: 251030t202000 | R25: 4 | S25: BEN | T25: 26 | U25: 3 | V25: 21 | W25: 26 | X25: 3 | Y25: 22 | Z25: =1000*(W25-T25)+100*(X25-U25)+(Y25-V25) -> 1 | AA25: 7 | AB25: N | AC25: YF | AE25: =(CODE(MID(H25,1,1))-43)+(CODE(MID(H25,2,1))-43)*80+(CODE(MID(H25,3,1))-43)*80*80+(CODE(MID(H25,4,1))-43)*80*80*80 -> 29176534 | AF25: =OR($S25="BEN",NOT(ISERROR(SEARCH("H",$AB25)))) -> TRUE | AG25: =OR($S25="BRA",NOT(ISERROR(SEARCH("H",$AB25)))) -> FALSE | AH25: =OR($S25="PGH",NOT(ISERROR(SEARCH("H",$AB25)))) -> FALSE | AI25: =OR($S25="LUD",NOT(ISERROR(SEARCH("H",$AB25)))) -> FALSE | AJ25: =DATE(T25+2000,U25,V25) -> 44640 | AK25: =DATE(2000+W25,X25,Y25) -> 44641 | AL25: =VALUE(RIGHT(R25,1)) -> 4 | AM25: =AA25 -> 7 | AN25: =IF(ISERROR(SEARCH("N",$AB25)),AM25,MAX(AM25-4,4)) -> 4
A26: Jon | B26: Little | C26: 4057a 24th St | D26: San Francisco | E26: CA | F26: 94117 | G26: 802-318-8831 | H26: jondlittle@gmail.com | I26: PGH | J26: 2025/10/04 | K26: 2 | L26: 1 | M26: =K26*L26 -> 2 | Q26: 251030t193600 | R26: 2 | S26: BEN | T26: 26 | U26: 1 | V26: 23 | W26: 26 | X26: 1 | Y26: 25 | Z26: =1000*(W26-T26)+100*(X26-U26)+(Y26-V26) -> 2 | AA26: 8 | AC26: Y | AE26: =(CODE(MID(H26,1,1))-43)+(CODE(MID(H26,2,1))-43)*80+(CODE(MID(H26,3,1))-43)*80*80+(CODE(MID(H26,4,1))-43)*80*80*80 -> 29618303 | AF26: =OR($S26="BEN",NOT(ISERROR(SEARCH("H",$AB26)))) -> TRUE | AG26: =OR($S26="BRA",NOT(ISERROR(SEARCH("H",$AB26)))) -> FALSE | AH26: =OR($S26="PGH",NOT(ISERROR(SEARCH("H",$AB26)))) -> FALSE | AI26: =OR($S26="LUD",NOT(ISERROR(SEARCH("H",$AB26)))) -> FALSE | AJ26: =DATE(T26+2000,U26,V26) -> 44583 | AK26: =DATE(2000+W26,X26,Y26) -> 44585 | AL26: =VALUE(RIGHT(R26,1)) -> 2 | AM26: =AA26 -> 8 | AN26: =IF(ISERROR(SEARCH("N",$AB26)),AM26,MAX(AM26-4,4)) -> 8
A27: Leonard | B27: Ciemniecki | C27: 1690 Bay St - Apt 305 | D27: San Francisco | E27: CA | F27: 94123 | G27: 248-925-9102 | H27: lciemniecki@gmail.com | I27: CON | J27: 2025/10/18 | K27: 2 | L27: 1 | M27: =K27*L27 -> 2 | Q27: 251031t163200 | R27: 3 | S27: PGH | T27: 26 | U27: 1 | V27: 23 | W27: 26 | X27: 1 | Y27: 25 | Z27: =1000*(W27-T27)+100*(X27-U27)+(Y27-V27) -> 2 | AA27: 15 | AC27: Y | AE27: =(CODE(MID(H27,1,1))-43)+(CODE(MID(H27,2,1))-43)*80+(CODE(MID(H27,3,1))-43)*80*80+(CODE(MID(H27,4,1))-43)*80*80*80 -> 30097345 | AF27: =OR($S27="BEN",NOT(ISERROR(SEARCH("H",$AB27)))) -> FALSE | AG27: =OR($S27="BRA",NOT(ISERROR(SEARCH("H",$AB27)))) -> FALSE | AH27: =OR($S27="PGH",NOT(ISERROR(SEARCH("H",$AB27)))) -> TRUE | AI27: =OR($S27="LUD",NOT(ISERROR(SEARCH("H",$AB27)))) -> FALSE | AJ27: =DATE(T27+2000,U27,V27) -> 44583 | AK27: =DATE(2000+W27,X27,Y27) -> 44585 | AL27: =VALUE(RIGHT(R27,1)) -> 3 | AM27: =AA27 -> 15 | AN27: =IF(ISERROR(SEARCH("N",$AB27)),AM27,MAX(AM27-4,4)) -> 15
A28: Jake | B28: Parkhurst | C28: 570 Marlestra Rd | D28: Pinole | E28: CA | F28: 94564 | G28: 510-293-1751 | H28: jakeisthesnake@gmail.com | I28: PGH | J28: 2025/10/04 | K28: 2 | L28: 1 | M28: =K28*L28 -> 2 | Q28: 251106t060800 | R28: 1 | S28: PGH | T28: 26 | U28: 2 | V28: 6 | W28: 26 | X28: 2 | Y28: 8 | Z28: =1000*(W28-T28)+100*(X28-U28)+(Y28-V28) -> 2 | AA28: 15 | AC28: Y | AE28: =(CODE(MID(H28,1,1))-43)+(CODE(MID(H28,2,1))-43)*80+(CODE(MID(H28,3,1))-43)*80*80+(CODE(MID(H28,4,1))-43)*80*80*80 -> 30109983 | AF28: =OR($S28="BEN",NOT(ISERROR(SEARCH("H",$AB28)))) -> FALSE | AG28: =OR($S28="BRA",NOT(ISERROR(SEARCH("H",$AB28)))) -> FALSE | AH28: =OR($S28="PGH",NOT(ISERROR(SEARCH("H",$AB28)))) -> TRUE | AI28: =OR($S28="LUD",NOT(ISERROR(SEARCH("H",$AB28)))) -> FALSE | AJ28: =DATE(T28+2000,U28,V28) -> 44597 | AK28: =DATE(2000+W28,X28,Y28) -> 44599 | AL28: =VALUE(RIGHT(R28,1)) -> 1 | AM28: =AA28 -> 15 | AN28: =IF(ISERROR(SEARCH("N",$AB28)),AM28,MAX(AM28-4,4)) -> 15
A29: Tom | B29: Hoke | G29: 804-441-5844 | H29: hoketc11@gmail.com | I29: BEN | J29: 2025/09/19 | K29: 2 | L29: 1 | M29: =K29*L29 -> 2 | Q29: 251029t135900 | R29: 1 | S29: BEN | T29: 26 | U29: 2 | V29: 27 | W29: 26 | X29: 3 | Y29: 1 | Z29: 2 | AA29: 5 | AC29: Y | AE29: =(CODE(MID(H29,1,1))-43)+(CODE(MID(H29,2,1))-43)*80+(CODE(MID(H29,3,1))-43)*80*80+(CODE(MID(H29,4,1))-43)*80*80*80 -> 30111101 | AF29: =OR($S29="BEN",NOT(ISERROR(SEARCH("H",$AB29)))) -> TRUE | AG29: =OR($S29="BRA",NOT(ISERROR(SEARCH("H",$AB29)))) -> FALSE | AH29: =OR($S29="PGH",NOT(ISERROR(SEARCH("H",$AB29)))) -> FALSE | AI29: =OR($S29="LUD",NOT(ISERROR(SEARCH("H",$AB29)))) -> FALSE | AJ29: =DATE(T29+2000,U29,V29) -> 44618 | AK29: =DATE(2000+W29,X29,Y29) -> 44620 | AL29: =VALUE(RIGHT(R29,1)) -> 1 | AM29: =AA29 -> 5 | AN29: =IF(ISERROR(SEARCH("N",$AB29)),AM29,MAX(AM29-4,4)) -> 5
A30: Tom | B30: Hoke | G30: 804-441-5844 | H30: hoketc11@gmail.com | I30: BEN | J30: 2025/09/19 | K30: 2 | L30: 1 | M30: =K30*L30 -> 2 | Q30: 251029t135900 | R30: 1 | S30: BRA | T30: 26 | U30: 3 | V30: 1 | W30: 26 | X30: 3 | Y30: 2 | Z30: =1000*(W30-T30)+100*(X30-U30)+(Y30-V30) -> 1 | AA30: 5 | AC30: Y | AE30: =(CODE(MID(H30,1,1))-43)+(CODE(MID(H30,2,1))-43)*80+(CODE(MID(H30,3,1))-43)*80*80+(CODE(MID(H30,4,1))-43)*80*80*80 -> 30111101 | AF30: =OR($S30="BEN",NOT(ISERROR(SEARCH("H",$AB30)))) -> FALSE | AG30: =OR($S30="BRA",NOT(ISERROR(SEARCH("H",$AB30)))) -> TRUE | AH30: =OR($S30="PGH",NOT(ISERROR(SEARCH("H",$AB30)))) -> FALSE | AI30: =OR($S30="LUD",NOT(ISERROR(SEARCH("H",$AB30)))) -> FALSE | AJ30: =DATE(T30+2000,U30,V30) -> 44620 | AK30: =DATE(2000+W30,X30,Y30) -> 44621 | AL30: =VALUE(RIGHT(R30,1)) -> 1 | AM30: =AA30 -> 5 | AN30: =IF(ISERROR(SEARCH("N",$AB30)),AM30,MAX(AM30-4,4)) -> 5
A31: Luke | B31: Bonham | C31: 1470 25th Ave | D31: San Francisco | E31: CA | F31: 94122 | G31: 714-277-9643 | H31: luke.w.bonham@gmail.com | I31: PGH | J31: 2025/10/04 | K31: 2 | L31: 1 | M31: =K31*L31 -> 2 | Q31: 251103t094500 | R31: S2 | S31: PGH | T31: 26 | U31: 3 | V31: 21 | W31: 26 | X31: 3 | Y31: 22 | Z31: =1000*(W31-T31)+100*(X31-U31)+(Y31-V31) -> 1 | AA31: 4 | AC31: Y | AD31: completed | AE31: =(CODE(MID(H31,1,1))-43)+(CODE(MID(H31,2,1))-43)*80+(CODE(MID(H31,3,1))-43)*80*80+(CODE(MID(H31,4,1))-43)*80*80*80 -> 30111585 | AF31: =OR($S31="BEN",NOT(ISERROR(SEARCH("H",$AB31)))) -> FALSE | AG31: =OR($S31="BRA",NOT(ISERROR(SEARCH("H",$AB31)))) -> FALSE | AH31: =OR($S31="PGH",NOT(ISERROR(SEARCH("H",$AB31)))) -> TRUE | AI31: =OR($S31="LUD",NOT(ISERROR(SEARCH("H",$AB31)))) -> FALSE | AJ31: =DATE(T31+2000,U31,V31) -> 44640 | AK31: =DATE(2000+W31,X31,Y31) -> 44641 | AL31: =VALUE(RIGHT(R31,1)) -> 2 | AM31: =AA31 -> 4 | AN31: =IF(ISERROR(SEARCH("N",$AB31)),AM31,MAX(AM31-4,4)) -> 4
A32: Tyler | B32: Alves | G32: 510-612-1486 | H32: tyler11alves@gmail.com | I32: BEN | J32: 2025/09/19 | K32: 2 | L32: 1 | M32: =K32*L32 -> 2 | Q32: 251103t080300 | R32: S1 | S32: BEN | T32: 26 | U32: 2 | V32: 27 | W32: 26 | X32: 3 | Y32: 1 | Z32: 2 | AA32: 7 | AC32: Y | AD32: completed | AE32: =(CODE(MID(H32,1,1))-43)+(CODE(MID(H32,2,1))-43)*80+(CODE(MID(H32,3,1))-43)*80*80+(CODE(MID(H32,4,1))-43)*80*80*80 -> 30118313 | AF32: =OR($S32="BEN",NOT(ISERROR(SEARCH("H",$AB32)))) -> TRUE | AG32: =OR($S32="BRA",NOT(ISERROR(SEARCH("H",$AB32)))) -> FALSE | AH32: =OR($S32="PGH",NOT(ISERROR(SEARCH("H",$AB32)))) -> FALSE | AI32: =OR($S32="LUD",NOT(ISERROR(SEARCH("H",$AB32)))) -> FALSE | AJ32: =DATE(T32+2000,U32,V32) -> 44618 | AK32: =DATE(2000+W32,X32,Y32) -> 44620 | AL32: =VALUE(RIGHT(R32,1)) -> 1 | AM32: =AA32 -> 7 | AN32: =IF(ISERROR(SEARCH("N",$AB32)),AM32,MAX(AM32-4,4)) -> 7
A33: Danee | B33: Kenyon | C33: 111 N. Rengstorff Ave | D33: Mountain View | E33: CA | F33: 94043 | G33: 760-859-7653 | H33: daneemk@gmail.com | I33: PGH | J33: 2025/08/16 | K33: 2 | L33: 1 | M33: =K33*L33 -> 2 | Q33: 251028t212100 | R33: 1 | S33: PGH | T33: 26 | U33: 4 | V33: 17 | W33: 26 | X33: 4 | Y33: 19 | Z33: =1000*(W33-T33)+100*(X33-U33)+(Y33-V33) -> 2 | AA33: 15 | AB33: N | AC33: Y | AE33: =(CODE(MID(H33,1,1))-43)+(CODE(MID(H33,2,1))-43)*80+(CODE(MID(H33,3,1))-43)*80*80+(CODE(MID(H33,4,1))-43)*80*80*80 -> 30129177 | AF33: =OR($S33="BEN",NOT(ISERROR(SEARCH("H",$AB33)))) -> FALSE | AG33: =OR($S33="BRA",NOT(ISERROR(SEARCH("H",$AB33)))) -> FALSE | AH33: =OR($S33="PGH",NOT(ISERROR(SEARCH("H",$AB33)))) -> TRUE | AI33: =OR($S33="LUD",NOT(ISERROR(SEARCH("H",$AB33)))) -> FALSE | AJ33: =DATE(T33+2000,U33,V33) -> 44667 | AK33: =DATE(2000+W33,X33,Y33) -> 44669 | AL33: =VALUE(RIGHT(R33,1)) -> 1 | AM33: =AA33 -> 15 | AN33: =IF(ISERROR(SEARCH("N",$AB33)),AM33,MAX(AM33-4,4)) -> 11
A34: Noah | B34: Budnick | C34: 2720 Curtis St. | D34: Berkeley | E34: CA | G34: 917-684-7912 | H34: noahbudnick@gmail.com | I34: MUL | J34: 2025/08/23 | K34: 4 | L34: 1 | M34: =K34*L34 -> 4 | Q34: 251029t174600 | R34: 1 | S34: BRA | T34: 26 | U34: 3 | V34: 8 | W34: 26 | X34: 3 | Y34: 10 | Z34: =1000*(W34-T34)+100*(X34-U34)+(Y34-V34) -> 2 | AA34: 5 | AC34: Y | AE34: =(CODE(MID(H34,1,1))-43)+(CODE(MID(H34,2,1))-43)*80+(CODE(MID(H34,3,1))-43)*80*80+(CODE(MID(H34,4,1))-43)*80*80*80 -> 31583107 | AF34: =OR($S34="BEN",NOT(ISERROR(SEARCH("H",$AB34)))) -> FALSE | AG34: =OR($S34="BRA",NOT(ISERROR(SEARCH("H",$AB34)))) -> TRUE | AH34: =OR($S34="PGH",NOT(ISERROR(SEARCH("H",$AB34)))) -> FALSE | AI34: =OR($S34="LUD",NOT(ISERROR(SEARCH("H",$AB34)))) -> FALSE | AJ34: =DATE(T34+2000,U34,V34) -> 44627 | AK34: =DATE(2000+W34,X34,Y34) -> 44629 | AL34: =VALUE(RIGHT(R34,1)) -> 1 | AM34: =AA34 -> 5 | AN34: =IF(ISERROR(SEARCH("N",$AB34)),AM34,MAX(AM34-4,4)) -> 5
A35: Joshua | B35: Foster | C35: 1919 High Meadow Trail | G35: 530-848-8071 | H35: joshuafoster1@gmail.com | I35: LUD | J35: 2025/10/04 | K35: 2 | L35: 1 | M35: =K35*L35 -> 2 | Q35: 251029t215600 | R35: 1 | S35: BEN | T35: 26 | U35: 2 | V35: 5 | W35: 26 | X35: 2 | Y35: 7 | Z35: =1000*(W35-T35)+100*(X35-U35)+(Y35-V35) -> 2 | AA35: 12 | AC35: Y | AE35: =(CODE(MID(H35,1,1))-43)+(CODE(MID(H35,2,1))-43)*80+(CODE(MID(H35,3,1))-43)*80*80+(CODE(MID(H35,4,1))-43)*80*80*80 -> 31698303 | AF35: =OR($S35="BEN",NOT(ISERROR(SEARCH("H",$AB35)))) -> TRUE | AG35: =OR($S35="BRA",NOT(ISERROR(SEARCH("H",$AB35)))) -> FALSE | AH35: =OR($S35="PGH",NOT(ISERROR(SEARCH("H",$AB35)))) -> FALSE | AI35: =OR($S35="LUD",NOT(ISERROR(SEARCH("H",$AB35)))) -> FALSE | AJ35: =DATE(T35+2000,U35,V35) -> 44596 | AK35: =DATE(2000+W35,X35,Y35) -> 44598 | AL35: =VALUE(RIGHT(R35,1)) -> 1 | AM35: =AA35 -> 12 | AN35: =IF(ISERROR(SEARCH("N",$AB35)),AM35,MAX(AM35-4,4)) -> 12
A36: Joshua | B36: Foster | C36: 1919 High Meadow Trail | G36: 530-848-8071 | H36: joshuafoster1@gmail.com | I36: LUD | J36: 2025/10/04 | K36: 2 | L36: 1 | M36: =K36*L36 -> 2 | Q36: 251029t215600 | R36: 1 | S36: BRA | T36: 26 | U36: 2 | V36: 7 | W36: 26 | X36: 2 | Y36: 8 | Z36: =1000*(W36-T36)+100*(X36-U36)+(Y36-V36) -> 1 | AA36: 15 | AC36: Y | AE36: =(CODE(MID(H36,1,1))-43)+(CODE(MID(H36,2,1))-43)*80+(CODE(MID(H36,3,1))-43)*80*80+(CODE(MID(H36,4,1))-43)*80*80*80 -> 31698303 | AF36: =OR($S36="BEN",NOT(ISERROR(SEARCH("H",$AB36)))) -> FALSE | AG36: =OR($S36="BRA",NOT(ISERROR(SEARCH("H",$AB36)))) -> TRUE | AH36: =OR($S36="PGH",NOT(ISERROR(SEARCH("H",$AB36)))) -> FALSE | AI36: =OR($S36="LUD",NOT(ISERROR(SEARCH("H",$AB36)))) -> FALSE | AJ36: =DATE(T36+2000,U36,V36) -> 44598 | AK36: =DATE(2000+W36,X36,Y36) -> 44599 | AL36: =VALUE(RIGHT(R36,1)) -> 1 | AM36: =AA36 -> 15 | AN36: =IF(ISERROR(SEARCH("N",$AB36)),AM36,MAX(AM36-4,4)) -> 15
A37: Craig | B37: Haupt | C37: 1141 Vasquez Ave | D37: Sunnyvale | E37: CA | F37: 94086 | G37: 408-329-3081 | H37: craigmhaupt@gmail.com | I37: PGH | J37: 2025/08/23 | K37: 2 | L37: 1 | M37: =K37*L37 -> 2 | P37: LPC STS | Q37: 251024t022200 | R37: 1 | S37: BEN | T37: 26 | U37: 3 | V37: 14 | W37: 26 | X37: 3 | Y37: 15 | AA37: 4 | AC37: Y | AE37: =(CODE(MID(H37,1,1))-43)+(CODE(MID(H37,2,1))-43)*80+(CODE(MID(H37,3,1))-43)*80*80+(CODE(MID(H37,4,1))-43)*80*80*80 -> 32095336 | AF37: =OR($S37="BEN",NOT(ISERROR(SEARCH("H",$AB37)))) -> TRUE | AG37: =OR($S37="BRA",NOT(ISERROR(SEARCH("H",$AB37)))) -> FALSE | AH37: =OR($S37="PGH",NOT(ISERROR(SEARCH("H",$AB37)))) -> FALSE | AI37: =OR($S37="LUD",NOT(ISERROR(SEARCH("H",$AB37)))) -> FALSE | AJ37: =DATE(T37+2000,U37,V37) -> 44633 | AK37: =DATE(2000+W37,X37,Y37) -> 44634 | AL37: =VALUE(RIGHT(R37,1)) -> 1 | AM37: =AA37 -> 4 | AN37: =IF(ISERROR(SEARCH("N",$AB37)),AM37,MAX(AM37-4,4)) -> 4
A38: Craig | B38: Haupt | C38: 1141 Vasquez Ave | D38: Sunnyvale | E38: CA | F38: 94086 | G38: 408-329-3081 | H38: craigmhaupt@gmail.com | I38: PGH | J38: 2025/08/23 | K38: 2 | L38: 1 | M38: =K38*L38 -> 2 | P38: LPC STS | Q38: 251024t022200 | R38: 1 | S38: BRA | T38: 26 | U38: 3 | V38: 13 | W38: 26 | X38: 3 | Y38: 14 | Z38: =1000*(W38-T38)+100*(X38-U38)+(Y38-V38) -> 1 | AA38: 4 | AC38: Y | AE38: =(CODE(MID(H38,1,1))-43)+(CODE(MID(H38,2,1))-43)*80+(CODE(MID(H38,3,1))-43)*80*80+(CODE(MID(H38,4,1))-43)*80*80*80 -> 32095336 | AF38: =OR($S38="BEN",NOT(ISERROR(SEARCH("H",$AB38)))) -> FALSE | AG38: =OR($S38="BRA",NOT(ISERROR(SEARCH("H",$AB38)))) -> TRUE | AH38: =OR($S38="PGH",NOT(ISERROR(SEARCH("H",$AB38)))) -> FALSE | AI38: =OR($S38="LUD",NOT(ISERROR(SEARCH("H",$AB38)))) -> FALSE | AJ38: =DATE(T38+2000,U38,V38) -> 44632 | AK38: =DATE(2000+W38,X38,Y38) -> 44633 | AL38: =VALUE(RIGHT(R38,1)) -> 1 | AM38: =AA38 -> 4 | AN38: =IF(ISERROR(SEARCH("N",$AB38)),AM38,MAX(AM38-4,4)) -> 4
A39: Daniel | B39: Nelli | C39: 415 Sunny Slope Ave | G39: 704-868-3288 | H39: danielnelli05@gmail.com | I39: CON | J39: 2025/10/18 | K39: 2 | L39: 1 | M39: =K39*L39 -> 2 | Q39: 251103t120300 | R39: S1 | S39: BRA | T39: 26 | U39: 3 | V39: 28 | W39: 26 | X39: 3 | Y39: 30 | Z39: =1000*(W39-T39)+100*(X39-U39)+(Y39-V39) -> 2 | AA39: 15 | AC39: Y | AD39: completed | AE39: =(CODE(MID(H39,1,1))-43)+(CODE(MID(H39,2,1))-43)*80+(CODE(MID(H39,3,1))-43)*80*80+(CODE(MID(H39,4,1))-43)*80*80*80 -> 32177177 | AF39: =OR($S39="BEN",NOT(ISERROR(SEARCH("H",$AB39)))) -> FALSE | AG39: =OR($S39="BRA",NOT(ISERROR(SEARCH("H",$AB39)))) -> TRUE | AH39: =OR($S39="PGH",NOT(ISERROR(SEARCH("H",$AB39)))) -> FALSE | AI39: =OR($S39="LUD",NOT(ISERROR(SEARCH("H",$AB39)))) -> FALSE | AJ39: =DATE(T39+2000,U39,V39) -> 44647 | AK39: =DATE(2000+W39,X39,Y39) -> 44649 | AL39: =VALUE(RIGHT(R39,1)) -> 1 | AM39: =AA39 -> 15 | AN39: =IF(ISERROR(SEARCH("N",$AB39)),AM39,MAX(AM39-4,4)) -> 15
A40: Christie | B40: Ciarlo | C40: 404 Cavar St. | D40: Oakland | E40: CA | F40: 94618 | G40: 407-538-2606 | H40: christie.a.ciarlo@gmail.com | I40: PGH | J40: 2025/10/04 | K40: 2 | L40: 1 | M40: =K40*L40 -> 2 | Q40: 251029t193500 | R40: 1 | S40: BEN | T40: 26 | U40: 2 | V40: 20 | W40: 26 | X40: 2 | Y40: 22 | Z40: =1000*(W40-T40)+100*(X40-U40)+(Y40-V40) -> 2 | AA40: 7 | AB40: D | AC40: Y | AE40: =(CODE(MID(H40,1,1))-43)+(CODE(MID(H40,2,1))-43)*80+(CODE(MID(H40,3,1))-43)*80*80+(CODE(MID(H40,4,1))-43)*80*80*80 -> 32203336 | AF40: =OR($S40="BEN",NOT(ISERROR(SEARCH("H",$AB40)))) -> TRUE | AG40: =OR($S40="BRA",NOT(ISERROR(SEARCH("H",$AB40)))) -> FALSE | AH40: =OR($S40="PGH",NOT(ISERROR(SEARCH("H",$AB40)))) -> FALSE | AI40: =OR($S40="LUD",NOT(ISERROR(SEARCH("H",$AB40)))) -> FALSE | AJ40: =DATE(T40+2000,U40,V40) -> 44611 | AK40: =DATE(2000+W40,X40,Y40) -> 44613 | AL40: =VALUE(RIGHT(R40,1)) -> 1 | AM40: =AA40 -> 7 | AN40: =IF(ISERROR(SEARCH("N",$AB40)),AM40,MAX(AM40-4,4)) -> 7
A41: Chris | B41: Hansen | G41: 831-238-0321 | H41: chrishansenmd@comcast.net | I41: PGH | J41: 2025/07/19 | K41: 2 | L41: 1 | M41: =K41*L41 -> 2 | Q41: 251030t083400 | R41: 1 | S41: PGH | T41: 26 | U41: 3 | V41: 25 | W41: 26 | X41: 3 | Y41: 27 | Z41: =1000*(W41-T41)+100*(X41-U41)+(Y41-V41) -> 2 | AA41: 2 | AB41: D | AC41: Y | AE41: =(CODE(MID(H41,1,1))-43)+(CODE(MID(H41,2,1))-43)*80+(CODE(MID(H41,3,1))-43)*80*80+(CODE(MID(H41,4,1))-43)*80*80*80 -> 32203336 | AF41: =OR($S41="BEN",NOT(ISERROR(SEARCH("H",$AB41)))) -> FALSE | AG41: =OR($S41="BRA",NOT(ISERROR(SEARCH("H",$AB41)))) -> FALSE | AH41: =OR($S41="PGH",NOT(ISERROR(SEARCH("H",$AB41)))) -> TRUE | AI41: =OR($S41="LUD",NOT(ISERROR(SEARCH("H",$AB41)))) -> FALSE | AJ41: =DATE(T41+2000,U41,V41) -> 44644 | AK41: =DATE(2000+W41,X41,Y41) -> 44646 | AL41: =VALUE(RIGHT(R41,1)) -> 1 | AM41: =AA41 -> 2 | AN41: =IF(ISERROR(SEARCH("N",$AB41)),AM41,MAX(AM41-4,4)) -> 2
A42: Jeff | B42: Guild | G42: 510-708-7701 | H42: jguild10@gmail.com | I42: LUD | J42: 2025/04/21 | K42: 1 | L42: 1 | M42: =K42*L42 -> 1 | N42: carrier | Q42: 251022t095500 | R42: 1 | S42: BEN | T42: 26 | U42: 4 | V42: 17 | W42: 26 | X42: 4 | Y42: 19 | Z42: =1000*(W42-T42)+100*(X42-U42)+(Y42-V42) -> 2 | AA42: 6 | AB42: D | AC42: Y | AE42: =(CODE(MID(H42,1,1))-43)+(CODE(MID(H42,2,1))-43)*80+(CODE(MID(H42,3,1))-43)*80*80+(CODE(MID(H42,4,1))-43)*80*80*80 -> 32222463 | AF42: =OR($S42="BEN",NOT(ISERROR(SEARCH("H",$AB42)))) -> TRUE | AG42: =OR($S42="BRA",NOT(ISERROR(SEARCH("H",$AB42)))) -> FALSE | AH42: =OR($S42="PGH",NOT(ISERROR(SEARCH("H",$AB42)))) -> FALSE | AI42: =OR($S42="LUD",NOT(ISERROR(SEARCH("H",$AB42)))) -> FALSE | AJ42: =DATE(T42+2000,U42,V42) -> 44667 | AK42: =DATE(2000+W42,X42,Y42) -> 44669 | AL42: =VALUE(RIGHT(R42,1)) -> 1 | AM42: =AA42 -> 6 | AN42: =IF(ISERROR(SEARCH("N",$AB42)),AM42,MAX(AM42-4,4)) -> 6
A43: Louis | B43: Schueller | C43: 15 Skylonda Drive | D43: Redwood City | E43: CA | F43: 94062 | G43: 650-743-5226 | H43: louisschueller@gmail.com | I43: PGH | J43: 2025/08/23 | K43: 2 | L43: 1 | M43: =K43*L43 -> 2 | Q43: 251028t113000 | R43: 1 | S43: PGH | T43: 26 | U43: 2 | V43: 27 | W43: 26 | X43: 3 | Y43: 2 | Z43: 3 | AA43: 15 | AD43: declined | AE43: =(CODE(MID(H43,1,1))-43)+(CODE(MID(H43,2,1))-43)*80+(CODE(MID(H43,3,1))-43)*80*80+(CODE(MID(H43,4,1))-43)*80*80*80 -> 32223105 | AF43: =OR($S43="BEN",NOT(ISERROR(SEARCH("H",$AB43)))) -> FALSE | AG43: =OR($S43="BRA",NOT(ISERROR(SEARCH("H",$AB43)))) -> FALSE | AH43: =OR($S43="PGH",NOT(ISERROR(SEARCH("H",$AB43)))) -> TRUE | AI43: =OR($S43="LUD",NOT(ISERROR(SEARCH("H",$AB43)))) -> FALSE | AJ43: =DATE(T43+2000,U43,V43) -> 44618 | AK43: =DATE(2000+W43,X43,Y43) -> 44621 | AL43: =VALUE(RIGHT(R43,1)) -> 1 | AM43: =AA43 -> 15 | AN43: =IF(ISERROR(SEARCH("N",$AB43)),AM43,MAX(AM43-4,4)) -> 15
A44: Lexi | B44: Arlen | C44: 2333 Eastridge Ave #1 | D44: Menlo Park | E44: CA | F44: 94025 | G44: 925-309-7104 | H44: lexiarlen@gmail.com | I44: PGH | J44: 2025/10/04 | K44: 2 | L44: 1 | M44: =K44*L44 -> 2 | Q44: 251030t170100 | R44: 4 | S44: PGH | T44: 26 | U44: 1 | V44: 1 | W44: 26 | X44: 1 | Y44: 3 | Z44: =1000*(W44-T44)+100*(X44-U44)+(Y44-V44) -> 2 | AA44: 6 | AB44: DN | AC44: Y | AE44: =(CODE(MID(H44,1,1))-43)+(CODE(MID(H44,2,1))-43)*80+(CODE(MID(H44,3,1))-43)*80*80+(CODE(MID(H44,4,1))-43)*80*80*80 -> 32241505 | AF44: =OR($S44="BEN",NOT(ISERROR(SEARCH("H",$AB44)))) -> FALSE | AG44: =OR($S44="BRA",NOT(ISERROR(SEARCH("H",$AB44)))) -> FALSE | AH44: =OR($S44="PGH",NOT(ISERROR(SEARCH("H",$AB44)))) -> TRUE | AI44: =OR($S44="LUD",NOT(ISERROR(SEARCH("H",$AB44)))) -> FALSE | AJ44: =DATE(T44+2000,U44,V44) -> 44561 | AK44: =DATE(2000+W44,X44,Y44) -> 44563 | AL44: =VALUE(RIGHT(R44,1)) -> 4 | AM44: =AA44 -> 6 | AN44: =IF(ISERROR(SEARCH("N",$AB44)),AM44,MAX(AM44-4,4)) -> 4
A45: Nick | B45: Hunnewell | C45: 3616 18th St - Unit 3 | D45: San Francisco | E45: CA | F45: 94110 | G45: 508-314-8721 | H45: nickhunnewell@gmail.com | I45: PGH | J45: 2025/08/23 | K45: 2 | L45: 1 | M45: =K45*L45 -> 2 | Q45: 251031t094900 | R45: 1 | S45: BEN | T45: 26 | U45: 3 | V45: 7 | W45: 26 | X45: 3 | Y45: 8 | Z45: =1000*(W45-T45)+100*(X45-U45)+(Y45-V45) -> 1 | AA45: 12 | AB45: HD | AC45: Y | AE45: =(CODE(MID(H45,1,1))-43)+(CODE(MID(H45,2,1))-43)*80+(CODE(MID(H45,3,1))-43)*80*80+(CODE(MID(H45,4,1))-43)*80*80*80 -> 33131427 | AF45: =OR($S45="BEN",NOT(ISERROR(SEARCH("H",$AB45)))) -> TRUE | AG45: =OR($S45="BRA",NOT(ISERROR(SEARCH("H",$AB45)))) -> TRUE | AH45: =OR($S45="PGH",NOT(ISERROR(SEARCH("H",$AB45)))) -> TRUE | AI45: =OR($S45="LUD",NOT(ISERROR(SEARCH("H",$AB45)))) -> TRUE | AJ45: =DATE(T45+2000,U45,V45) -> 44626 | AK45: =DATE(2000+W45,X45,Y45) -> 44627 | AL45: =VALUE(RIGHT(R45,1)) -> 1 | AM45: =AA45 -> 12 | AN45: =IF(ISERROR(SEARCH("N",$AB45)),AM45,MAX(AM45-4,4)) -> 12
A46: Matt | B46: Rickards | C46: 123 Girard Ave | D46: Sausalito | E46: CA | F46: 94965 | G46: 781-910-3917 | H46: rickards050@gmail.com | I46: LUD | J46: 2025/10/04 | K46: 2 | L46: 1 | M46: =K46*L46 -> 2 | Q46: 251031t140700 | R46: 1 | S46: BEN | T46: 26 | U46: 2 | V46: 21 | W46: 26 | X46: 2 | Y46: 23 | Z46: =1000*(W46-T46)+100*(X46-U46)+(Y46-V46) -> 2 | AA46: 10 | AD46: declined | AE46: =(CODE(MID(H46,1,1))-43)+(CODE(MID(H46,2,1))-43)*80+(CODE(MID(H46,3,1))-43)*80*80+(CODE(MID(H46,4,1))-43)*80*80*80 -> 33131431 | AF46: =OR($S46="BEN",NOT(ISERROR(SEARCH("H",$AB46)))) -> TRUE | AG46: =OR($S46="BRA",NOT(ISERROR(SEARCH("H",$AB46)))) -> FALSE | AH46: =OR($S46="PGH",NOT(ISERROR(SEARCH("H",$AB46)))) -> FALSE | AI46: =OR($S46="LUD",NOT(ISERROR(SEARCH("H",$AB46)))) -> FALSE | AJ46: =DATE(T46+2000,U46,V46) -> 44612 | AK46: =DATE(2000+W46,X46,Y46) -> 44614 | AL46: =VALUE(RIGHT(R46,1)) -> 1 | AM46: =AA46 -> 10 | AN46: =IF(ISERROR(SEARCH("N",$AB46)),AM46,MAX(AM46-4,4)) -> 10
A47: Nikki | B47: Valentine | C47: 140 Doris Dr. | D47: Grass Valley | E47: CA | G47: 619-971-3254 | H47: nikkival17@gmail.com | I47: PGH | J47: 2025/10/04 | K47: 2 | L47: 1 | M47: =K47*L47 -> 2 | Q47: 251031t060400 | R47: 1 | S47: LUD | T47: 26 | U47: 3 | V47: 12 | W47: 26 | X47: 3 | Y47: 15 | Z47: =1000*(W47-T47)+100*(X47-U47)+(Y47-V47) -> 3 | AA47: 15 | AC47: Y | AE47: =(CODE(MID(H47,1,1))-43)+(CODE(MID(H47,2,1))-43)*80+(CODE(MID(H47,3,1))-43)*80*80+(CODE(MID(H47,4,1))-43)*80*80*80 -> 33182627 | AF47: =OR($S47="BEN",NOT(ISERROR(SEARCH("H",$AB47)))) -> FALSE | AG47: =OR($S47="BRA",NOT(ISERROR(SEARCH("H",$AB47)))) -> FALSE | AH47: =OR($S47="PGH",NOT(ISERROR(SEARCH("H",$AB47)))) -> FALSE | AI47: =OR($S47="LUD",NOT(ISERROR(SEARCH("H",$AB47)))) -> TRUE | AJ47: =DATE(T47+2000,U47,V47) -> 44631 | AK47: =DATE(2000+W47,X47,Y47) -> 44634 | AL47: =VALUE(RIGHT(R47,1)) -> 1 | AM47: =AA47 -> 15 | AN47: =IF(ISERROR(SEARCH("N",$AB47)),AM47,MAX(AM47-4,4)) -> 15
A48: Chris | B48: Oakes | C48: 1614 Francisco | D48: Berkeley | E48: CA | G48: 510-331-6654 | H48: hill_hiker@hotmail.com | I48: MUL | J48: 2025/08/20 | K48: 2 | L48: 1 | M48: =K48*L48 -> 2 | Q48: 251029t042900 | R48: 1 | S48: BRA | T48: 26 | U48: 1 | V48: 19 | W48: 26 | X48: 1 | Y48: 21 | Z48: =1000*(W48-T48)+100*(X48-U48)+(Y48-V48) -> 2 | AA48: 6 | AC48: Y | AE48: =(CODE(MID(H48,1,1))-43)+(CODE(MID(H48,2,1))-43)*80+(CODE(MID(H48,3,1))-43)*80*80+(CODE(MID(H48,4,1))-43)*80*80*80 -> 33701021 | AF48: =OR($S48="BEN",NOT(ISERROR(SEARCH("H",$AB48)))) -> FALSE | AG48: =OR($S48="BRA",NOT(ISERROR(SEARCH("H",$AB48)))) -> TRUE | AH48: =OR($S48="PGH",NOT(ISERROR(SEARCH("H",$AB48)))) -> FALSE | AI48: =OR($S48="LUD",NOT(ISERROR(SEARCH("H",$AB48)))) -> FALSE | AJ48: =DATE(T48+2000,U48,V48) -> 44579 | AK48: =DATE(2000+W48,X48,Y48) -> 44581 | AL48: =VALUE(RIGHT(R48,1)) -> 1 | AM48: =AA48 -> 6 | AN48: =IF(ISERROR(SEARCH("N",$AB48)),AM48,MAX(AM48-4,4)) -> 6
A49: Will | B49: Smithers | C49: 533 Wildwood Way | D49: San Francisco | E49: CA | F49: 94112 | G49: 707-363-0444 | H49: will94574@comcast.net | I49: LUD | J49: 2025/10/04 | K49: 2 | L49: 1 | M49: =K49*L49 -> 2 | Q49: 251023t061900 | R49: 2 | S49: BRA | T49: 26 | U49: 3 | V49: 6 | W49: 26 | X49: 3 | Y49: 8 | Z49: =1000*(W49-T49)+100*(X49-U49)+(Y49-V49) -> 2 | AA49: 6 | AC49: Y | AE49: =(CODE(MID(H49,1,1))-43)+(CODE(MID(H49,2,1))-43)*80+(CODE(MID(H49,3,1))-43)*80*80+(CODE(MID(H49,4,1))-43)*80*80*80 -> 33701036 | AF49: =OR($S49="BEN",NOT(ISERROR(SEARCH("H",$AB49)))) -> FALSE | AG49: =OR($S49="BRA",NOT(ISERROR(SEARCH("H",$AB49)))) -> TRUE | AH49: =OR($S49="PGH",NOT(ISERROR(SEARCH("H",$AB49)))) -> FALSE | AI49: =OR($S49="LUD",NOT(ISERROR(SEARCH("H",$AB49)))) -> FALSE | AJ49: =DATE(T49+2000,U49,V49) -> 44625 | AK49: =DATE(2000+W49,X49,Y49) -> 44627 | AL49: =VALUE(RIGHT(R49,1)) -> 2 | AM49: =AA49 -> 6 | AN49: =IF(ISERROR(SEARCH("N",$AB49)),AM49,MAX(AM49-4,4)) -> 6
A50: Holly | B50: Lemay | G50: 225-505-0593 | H50: holly.ratcliff@gmail.com | I50: LUD | J50: 2025/10/04 | M50: 2 | Q50: 251108t083300 | R50: 1 | S50: BEN | T50: 26 | U50: 3 | V50: 1 | W50: 26 | X50: 3 | Y50: 3 | Z50: 2 | AA50: 2 | AC50: Y | AE50: =(CODE(MID(H50,1,1))-43)+(CODE(MID(H50,2,1))-43)*80+(CODE(MID(H50,3,1))-43)*80*80+(CODE(MID(H50,4,1))-43)*80*80*80 -> 33701501 | AF50: =OR($S50="BEN",NOT(ISERROR(SEARCH("H",$AB50)))) -> TRUE | AG50: =OR($S50="BRA",NOT(ISERROR(SEARCH("H",$AB50)))) -> FALSE | AH50: =OR($S50="PGH",NOT(ISERROR(SEARCH("H",$AB50)))) -> FALSE | AI50: =OR($S50="LUD",NOT(ISERROR(SEARCH("H",$AB50)))) -> FALSE | AJ50: =DATE(T50+2000,U50,V50) -> 44620 | AK50: =DATE(2000+W50,X50,Y50) -> 44622 | AL50: =VALUE(RIGHT(R50,1)) -> 1 | AM50: =AA50 -> 2 | AN50: =IF(ISERROR(SEARCH("N",$AB50)),AM50,MAX(AM50-4,4)) -> 2
A51: David | B51: Wolfowitz | G51: 301-642-6473 | H51: dwolfowitz@gmail.com | I51: CON | J51: 2025/10/18 | M51: 2 | Q51: 251103t094300 | R51: 6 | S51: LUD | T51: 26 | U51: 2 | V51: 27 | W51: 26 | X51: 3 | Y51: 1 | Z51: 2 | AA51: 15 | AC51: Y | AE51: =(CODE(MID(H51,1,1))-43)+(CODE(MID(H51,2,1))-43)*80+(CODE(MID(H51,3,1))-43)*80*80+(CODE(MID(H51,4,1))-43)*80*80*80 -> 33721337 | AF51: =OR($S51="BEN",NOT(ISERROR(SEARCH("H",$AB51)))) -> FALSE | AG51: =OR($S51="BRA",NOT(ISERROR(SEARCH("H",$AB51)))) -> FALSE | AH51: =OR($S51="PGH",NOT(ISERROR(SEARCH("H",$AB51)))) -> FALSE | AI51: =OR($S51="LUD",NOT(ISERROR(SEARCH("H",$AB51)))) -> TRUE | AJ51: =DATE(T51+2000,U51,V51) -> 44618 | AK51: =DATE(2000+W51,X51,Y51) -> 44620 | AL51: =VALUE(RIGHT(R51,1)) -> 6 | AM51: =AA51 -> 15 | AN51: =IF(ISERROR(SEARCH("N",$AB51)),AM51,MAX(AM51-4,4)) -> 15
A52: Stephen | B52: McKinley | C52: 1610 5th St. | D52: Berkeley | E52: CA | F52: 94710 | G52: 781-336-8940 | H52: mtnmck@gmail.com | I52: PGH | J52: 2025/08/23 | K52: 2 | L52: 1 | M52: =K52*L52 -> 2 | Q52: 251021t175000 | R52: 4 | S52: LUD | T52: 26 | U52: 2 | V52: 19 | W52: 26 | X52: 2 | Y52: 23 | Z52: =1000*(W52-T52)+100*(X52-U52)+(Y52-V52) -> 4 | AA52: 15 | AB52: DN | AC52: Y | AE52: =(CODE(MID(H52,1,1))-43)+(CODE(MID(H52,2,1))-43)*80+(CODE(MID(H52,3,1))-43)*80*80+(CODE(MID(H52,4,1))-43)*80*80*80 -> 34226706 | AF52: =OR($S52="BEN",NOT(ISERROR(SEARCH("H",$AB52)))) -> FALSE | AG52: =OR($S52="BRA",NOT(ISERROR(SEARCH("H",$AB52)))) -> FALSE | AH52: =OR($S52="PGH",NOT(ISERROR(SEARCH("H",$AB52)))) -> FALSE | AI52: =OR($S52="LUD",NOT(ISERROR(SEARCH("H",$AB52)))) -> TRUE | AJ52: =DATE(T52+2000,U52,V52) -> 44610 | AK52: =DATE(2000+W52,X52,Y52) -> 44614 | AL52: =VALUE(RIGHT(R52,1)) -> 4 | AM52: =AA52 -> 15 | AN52: =IF(ISERROR(SEARCH("N",$AB52)),AM52,MAX(AM52-4,4)) -> 11
A53: Sarah-Marie | B53: Chan | C53: 510 Molino Dr | D53: San Francisco | E53: CA | F53: 94127 | G53: 907-230-4470 | H53: chan.sarahmarie@gmail.com | I53: BRA | J53: 2025/09/20 | K53: 2 | L53: 1 | M53: =K53*L53 -> 2 | Q53: 251031t125300 | R53: 1 | S53: BRA | T53: 26 | U53: 4 | V53: 10 | W53: 26 | X53: 4 | Y53: 12 | Z53: =1000*(W53-T53)+100*(X53-U53)+(Y53-V53) -> 2 | AA53: 3 | AC53: Y | AE53: =(CODE(MID(H53,1,1))-43)+(CODE(MID(H53,2,1))-43)*80+(CODE(MID(H53,3,1))-43)*80*80+(CODE(MID(H53,4,1))-43)*80*80*80 -> 34654536 | AF53: =OR($S53="BEN",NOT(ISERROR(SEARCH("H",$AB53)))) -> FALSE | AG53: =OR($S53="BRA",NOT(ISERROR(SEARCH("H",$AB53)))) -> TRUE | AH53: =OR($S53="PGH",NOT(ISERROR(SEARCH("H",$AB53)))) -> FALSE | AI53: =OR($S53="LUD",NOT(ISERROR(SEARCH("H",$AB53)))) -> FALSE | AJ53: =DATE(T53+2000,U53,V53) -> 44660 | AK53: =DATE(2000+W53,X53,Y53) -> 44662 | AL53: =VALUE(RIGHT(R53,1)) -> 1 | AM53: =AA53 -> 3 | AN53: =IF(ISERROR(SEARCH("N",$AB53)),AM53,MAX(AM53-4,4)) -> 3
A54: Ryan | B54: Prouty | G54: 916-221-8055 | H54: ryanprouty@protonmail.com | I54: PGH | J54: 2025/07/19 | K54: 2 | L54: 1 | M54: =K54*L54 -> 2 | Q54: 251022t153800 | R54: 1 | S54: BEN | T54: 26 | U54: 1 | V54: 21 | W54: 26 | X54: 1 | Y54: 25 | Z54: =1000*(W54-T54)+100*(X54-U54)+(Y54-V54) -> 4 | AA54: 4 | AB54: HDN | AC54: YF | AE54: =(CODE(MID(H54,1,1))-43)+(CODE(MID(H54,2,1))-43)*80+(CODE(MID(H54,3,1))-43)*80*80+(CODE(MID(H54,4,1))-43)*80*80*80 -> 34655911 | AF54: =OR($S54="BEN",NOT(ISERROR(SEARCH("H",$AB54)))) -> TRUE | AG54: =OR($S54="BRA",NOT(ISERROR(SEARCH("H",$AB54)))) -> TRUE | AH54: =OR($S54="PGH",NOT(ISERROR(SEARCH("H",$AB54)))) -> TRUE | AI54: =OR($S54="LUD",NOT(ISERROR(SEARCH("H",$AB54)))) -> TRUE | AJ54: =DATE(T54+2000,U54,V54) -> 44581 | AK54: =DATE(2000+W54,X54,Y54) -> 44585 | AL54: =VALUE(RIGHT(R54,1)) -> 1 | AM54: =AA54 -> 4 | AN54: =IF(ISERROR(SEARCH("N",$AB54)),AM54,MAX(AM54-4,4)) -> 4
A55: Robert | B55: Lensch | C55: 15248 Bohelman | D55: Saratoga | E55: CA | F55: 95070 | G55: 408-893-6751 | H55: rlensch@yahoo.com | I55: PGH | J55: 2025/10/04 | K55: 2 | L55: 1 | M55: =K55*L55 -> 2 | P55: LPC STS | Q55: 251031t155300 | R55: 1 | S55: PGH | T55: 26 | U55: 2 | V55: 21 | W55: 26 | X55: 2 | Y55: 23 | Z55: =1000*(W55-T55)+100*(X55-U55)+(Y55-V55) -> 2 | AA55: 10 | AC55: Y | AE55: =(CODE(MID(H55,1,1))-43)+(CODE(MID(H55,2,1))-43)*80+(CODE(MID(H55,3,1))-43)*80*80+(CODE(MID(H55,4,1))-43)*80*80*80 -> 34680471 | AF55: =OR($S55="BEN",NOT(ISERROR(SEARCH("H",$AB55)))) -> FALSE | AG55: =OR($S55="BRA",NOT(ISERROR(SEARCH("H",$AB55)))) -> FALSE | AH55: =OR($S55="PGH",NOT(ISERROR(SEARCH("H",$AB55)))) -> TRUE | AI55: =OR($S55="LUD",NOT(ISERROR(SEARCH("H",$AB55)))) -> FALSE | AJ55: =DATE(T55+2000,U55,V55) -> 44612 | AK55: =DATE(2000+W55,X55,Y55) -> 44614 | AL55: =VALUE(RIGHT(R55,1)) -> 1 | AM55: =AA55 -> 10 | AN55: =IF(ISERROR(SEARCH("N",$AB55)),AM55,MAX(AM55-4,4)) -> 10
A56: Laina | B56: Hall | C56: 1949 Rose St. | D56: Berkeley | E56: CA | F56: 94709 | G56: 906-589-4074 | H56: lainahall606@gmail.com | I56: BEN | J56: 2025/07/12 | K56: 2 | L56: 1 | M56: 2 | Q56: 251026t131100 | R56: 1 | S56: PGH | T56: 26 | U56: 4 | V56: 3 | W56: 26 | X56: 4 | Y56: 5 | Z56: =1000*(W56-T56)+100*(X56-U56)+(Y56-V56) -> 2 | AA56: 8 | AC56: Y | AE56: =(CODE(MID(H56,1,1))-43)+(CODE(MID(H56,2,1))-43)*80+(CODE(MID(H56,3,1))-43)*80*80+(CODE(MID(H56,4,1))-43)*80*80*80 -> 34705185 | AF56: =OR($S56="BEN",NOT(ISERROR(SEARCH("H",$AB56)))) -> FALSE | AG56: =OR($S56="BRA",NOT(ISERROR(SEARCH("H",$AB56)))) -> FALSE | AH56: =OR($S56="PGH",NOT(ISERROR(SEARCH("H",$AB56)))) -> TRUE | AI56: =OR($S56="LUD",NOT(ISERROR(SEARCH("H",$AB56)))) -> FALSE | AJ56: =DATE(T56+2000,U56,V56) -> 44653 | AK56: =DATE(2000+W56,X56,Y56) -> 44655 | AL56: =VALUE(RIGHT(R56,1)) -> 1 | AM56: =AA56 -> 8 | AN56: =IF(ISERROR(SEARCH("N",$AB56)),AM56,MAX(AM56-4,4)) -> 8
A57: Erin | B57: Calfee | C57: 1915 High Meadow Trail | G57: 530-220-3968 | H57: erincalfee@gmail.com | I57: LUD | J57: 2025/10/04 | K57: 2 | L57: 1 | M57: =K57*L57 -> 2 | Q57: 251031t204800 | R57: 4 | S57: BEN | T57: 26 | U57: 2 | V57: 14 | W57: 26 | X57: 2 | Y57: 16 | Z57: =1000*(W57-T57)+100*(X57-U57)+(Y57-V57) -> 2 | AA57: 15 | AB57: N | AC57: Y | AE57: =(CODE(MID(H57,1,1))-43)+(CODE(MID(H57,2,1))-43)*80+(CODE(MID(H57,3,1))-43)*80*80+(CODE(MID(H57,4,1))-43)*80*80*80 -> 34706538 | AF57: =OR($S57="BEN",NOT(ISERROR(SEARCH("H",$AB57)))) -> TRUE | AG57: =OR($S57="BRA",NOT(ISERROR(SEARCH("H",$AB57)))) -> FALSE | AH57: =OR($S57="PGH",NOT(ISERROR(SEARCH("H",$AB57)))) -> FALSE | AI57: =OR($S57="LUD",NOT(ISERROR(SEARCH("H",$AB57)))) -> FALSE | AJ57: =DATE(T57+2000,U57,V57) -> 44605 | AK57: =DATE(2000+W57,X57,Y57) -> 44607 | AL57: =VALUE(RIGHT(R57,1)) -> 4 | AM57: =AA57 -> 15 | AN57: =IF(ISERROR(SEARCH("N",$AB57)),AM57,MAX(AM57-4,4)) -> 11
A58: Tanner | B58: Neville | G58: 510-919-5705 | H58: tanner.neville@gmail.com | I58: BEN | J58: 2025/09/19 | K58: 2 | L58: 1 | M58: =K58*L58 -> 2 | Q58: 251108t113400 | R58: S1 | S58: PGH | T58: 26 | U58: 3 | V58: 8 | W58: 26 | X58: 3 | Y58: 10 | Z58: =1000*(W58-T58)+100*(X58-U58)+(Y58-V58) -> 2 | AA58: 7 | AB58: D | AC58: Y | AE58: =(CODE(MID(H58,1,1))-43)+(CODE(MID(H58,2,1))-43)*80+(CODE(MID(H58,3,1))-43)*80*80+(CODE(MID(H58,4,1))-43)*80*80*80 -> 34737193 | AF58: =OR($S58="BEN",NOT(ISERROR(SEARCH("H",$AB58)))) -> FALSE | AG58: =OR($S58="BRA",NOT(ISERROR(SEARCH("H",$AB58)))) -> FALSE | AH58: =OR($S58="PGH",NOT(ISERROR(SEARCH("H",$AB58)))) -> TRUE | AI58: =OR($S58="LUD",NOT(ISERROR(SEARCH("H",$AB58)))) -> FALSE | AJ58: =DATE(T58+2000,U58,V58) -> 44627 | AK58: =DATE(2000+W58,X58,Y58) -> 44629 | AL58: =VALUE(RIGHT(R58,1)) -> 1 | AM58: =AA58 -> 7 | AN58: =IF(ISERROR(SEARCH("N",$AB58)),AM58,MAX(AM58-4,4)) -> 7
A59: Jenny | B59: Rempel | C59: 1545 Dwight | D59: Berkeley | E59: CA | F59: 94702 | G59: 559-284-6327 | H59: jenny.m.rempel@gmail.com | I59: PGH | J59: 2025/10/04 | K59: 2 | L59: 1 | M59: =K59*L59 -> 2 | Q59: 251030t215500 | R59: 1 | S59: BRA | T59: 26 | U59: 4 | V59: 3 | W59: 26 | X59: 4 | Y59: 5 | Z59: =1000*(W59-T59)+100*(X59-U59)+(Y59-V59) -> 2 | AA59: 4 | AB59: D | AC59: Y | AE59: =(CODE(MID(H59,1,1))-43)+(CODE(MID(H59,2,1))-43)*80+(CODE(MID(H59,3,1))-43)*80*80+(CODE(MID(H59,4,1))-43)*80*80*80 -> 34737503 | AF59: =OR($S59="BEN",NOT(ISERROR(SEARCH("H",$AB59)))) -> FALSE | AG59: =OR($S59="BRA",NOT(ISERROR(SEARCH("H",$AB59)))) -> TRUE | AH59: =OR($S59="PGH",NOT(ISERROR(SEARCH("H",$AB59)))) -> FALSE | AI59: =OR($S59="LUD",NOT(ISERROR(SEARCH("H",$AB59)))) -> FALSE | AJ59: =DATE(T59+2000,U59,V59) -> 44653 | AK59: =DATE(2000+W59,X59,Y59) -> 44655 | AL59: =VALUE(RIGHT(R59,1)) -> 1 | AM59: =AA59 -> 4 | AN59: =IF(ISERROR(SEARCH("N",$AB59)),AM59,MAX(AM59-4,4)) -> 4
A60: Joe | B60: Asnault | G60: 530-966-5617 | H60: jasnault@chicouta.org | I60: LUD | J60: 2025/04/21 | K60: 1 | L60: 1 | M60: =K60*L60 -> 1 | N60: carrier | Q60: 251022t115000 | R60: 1 | S60: LUD | T60: 26 | U60: 3 | V60: 27 | W60: 26 | X60: 3 | Y60: 29 | Z60: =1000*(W60-T60)+100*(X60-U60)+(Y60-V60) -> 2 | AA60: 6 | AC60: Y | AE60: =(CODE(MID(H60,1,1))-43)+(CODE(MID(H60,2,1))-43)*80+(CODE(MID(H60,3,1))-43)*80*80+(CODE(MID(H60,4,1))-43)*80*80*80 -> 34769183 | AF60: =OR($S60="BEN",NOT(ISERROR(SEARCH("H",$AB60)))) -> FALSE | AG60: =OR($S60="BRA",NOT(ISERROR(SEARCH("H",$AB60)))) -> FALSE | AH60: =OR($S60="PGH",NOT(ISERROR(SEARCH("H",$AB60)))) -> FALSE | AI60: =OR($S60="LUD",NOT(ISERROR(SEARCH("H",$AB60)))) -> TRUE | AJ60: =DATE(T60+2000,U60,V60) -> 44646 | AK60: =DATE(2000+W60,X60,Y60) -> 44648 | AL60: =VALUE(RIGHT(R60,1)) -> 1 | AM60: =AA60 -> 6 | AN60: =IF(ISERROR(SEARCH("N",$AB60)),AM60,MAX(AM60-4,4)) -> 6
A61: Bryn | B61: Miller | C61: 952 Guerror St. | D61: San Francisco | E61: CA | F61: 94110 | G61: 978-460-2875 | H61: bryn.miller117@gmail.com | I61: PGH | J61: 2025/08/16 | K61: 2 | L61: 1 | M61: =K61*L61 -> 2 | Q61: 251103t064300 | R61: S1 | S61: BRA | T61: 26 | U61: 4 | V61: 4 | W61: 26 | X61: 4 | Y61: 6 | Z61: =1000*(W61-T61)+100*(X61-U61)+(Y61-V61) -> 2 | AA61: 9 | AC61: Y | AD61: completed | AE61: =(CODE(MID(H61,1,1))-43)+(CODE(MID(H61,2,1))-43)*80+(CODE(MID(H61,3,1))-43)*80*80+(CODE(MID(H61,4,1))-43)*80*80*80 -> 34808935 | AF61: =OR($S61="BEN",NOT(ISERROR(SEARCH("H",$AB61)))) -> FALSE | AG61: =OR($S61="BRA",NOT(ISERROR(SEARCH("H",$AB61)))) -> TRUE | AH61: =OR($S61="PGH",NOT(ISERROR(SEARCH("H",$AB61)))) -> FALSE | AI61: =OR($S61="LUD",NOT(ISERROR(SEARCH("H",$AB61)))) -> FALSE | AJ61: =DATE(T61+2000,U61,V61) -> 44654 | AK61: =DATE(2000+W61,X61,Y61) -> 44656 | AL61: =VALUE(RIGHT(R61,1)) -> 1 | AM61: =AA61 -> 9 | AN61: =IF(ISERROR(SEARCH("N",$AB61)),AM61,MAX(AM61-4,4)) -> 9
A62: Miranda | B62: Worrell | G62: 530-448-0637 | H62: tahoemountaintapas@gmail.com | I62: BEN | J62: 2025/09/19 | K62: 2 | L62: 1 | M62: =K62*L62 -> 2 | Q62: 251021t130500 | R62: 1 | S62: BEN | T62: 26 | U62: 1 | V62: 30 | W62: 26 | X62: 2 | Y62: 1 | Z62: 2 | AA62: 6 | AC62: Y | AE62: =(CODE(MID(H62,1,1))-43)+(CODE(MID(H62,2,1))-43)*80+(CODE(MID(H62,3,1))-43)*80*80+(CODE(MID(H62,4,1))-43)*80*80*80 -> 35210793 | AF62: =OR($S62="BEN",NOT(ISERROR(SEARCH("H",$AB62)))) -> TRUE | AG62: =OR($S62="BRA",NOT(ISERROR(SEARCH("H",$AB62)))) -> FALSE | AH62: =OR($S62="PGH",NOT(ISERROR(SEARCH("H",$AB62)))) -> FALSE | AI62: =OR($S62="LUD",NOT(ISERROR(SEARCH("H",$AB62)))) -> FALSE | AJ62: =DATE(T62+2000,U62,V62) -> 44590 | AK62: =DATE(2000+W62,X62,Y62) -> 44592 | AL62: =VALUE(RIGHT(R62,1)) -> 1 | AM62: =AA62 -> 6 | AN62: =IF(ISERROR(SEARCH("N",$AB62)),AM62,MAX(AM62-4,4)) -> 6
A63: Kevin | B63: Mori | C63: 1545 Dwight | D63: Berkeley | E63: CA | F63: 94702 | G63: 630-310-9004 | H63: ktmori@gmail.com | I63: PGH | J63: 2025/10/04 | K63: 2 | L63: 1 | M63: =K63*L63 -> 2 | N63: Leader | O63: L | Q63: 251030t213200 | R63: 1 | S63: PGH | T63: 26 | U63: 4 | V63: 10 | W63: 26 | X63: 4 | Y63: 12 | Z63: =1000*(W63-T63)+100*(X63-U63)+(Y63-V63) -> 2 | AA63: 15 | AB63: D | AC63: Y | AE63: =(CODE(MID(H63,1,1))-43)+(CODE(MID(H63,2,1))-43)*80+(CODE(MID(H63,3,1))-43)*80*80+(CODE(MID(H63,4,1))-43)*80*80*80 -> 35244304 | AF63: =OR($S63="BEN",NOT(ISERROR(SEARCH("H",$AB63)))) -> FALSE | AG63: =OR($S63="BRA",NOT(ISERROR(SEARCH("H",$AB63)))) -> FALSE | AH63: =OR($S63="PGH",NOT(ISERROR(SEARCH("H",$AB63)))) -> TRUE | AI63: =OR($S63="LUD",NOT(ISERROR(SEARCH("H",$AB63)))) -> FALSE | AJ63: =DATE(T63+2000,U63,V63) -> 44660 | AK63: =DATE(2000+W63,X63,Y63) -> 44662 | AL63: =VALUE(RIGHT(R63,1)) -> 1 | AM63: =AA63 -> 15 | AN63: =IF(ISERROR(SEARCH("N",$AB63)),AM63,MAX(AM63-4,4)) -> 15
A64: Katie | B64: Pofahl | C64: 687 Sand Harbor Rd | D64: South Lake Tahoe | E64: CA | F64: 96150 | G64: 925-255-3788 | H64: kapofahl@gmail.com | I64: BRA | J64: 2025/09/20 | K64: 2 | L64: 1 | M64: =K64*L64 -> 2 | Q64: 251031t003700 | R64: 1 | S64: PGH | T64: 26 | U64: 2 | V64: 14 | W64: 26 | X64: 2 | Y64: 17 | Z64: =1000*(W64-T64)+100*(X64-U64)+(Y64-V64) -> 3 | AA64: 15 | AC64: Y | AE64: =(CODE(MID(H64,1,1))-43)+(CODE(MID(H64,2,1))-43)*80+(CODE(MID(H64,3,1))-43)*80*80+(CODE(MID(H64,4,1))-43)*80*80*80 -> 35261984 | AF64: =OR($S64="BEN",NOT(ISERROR(SEARCH("H",$AB64)))) -> FALSE | AG64: =OR($S64="BRA",NOT(ISERROR(SEARCH("H",$AB64)))) -> FALSE | AH64: =OR($S64="PGH",NOT(ISERROR(SEARCH("H",$AB64)))) -> TRUE | AI64: =OR($S64="LUD",NOT(ISERROR(SEARCH("H",$AB64)))) -> FALSE | AJ64: =DATE(T64+2000,U64,V64) -> 44605 | AK64: =DATE(2000+W64,X64,Y64) -> 44608 | AL64: =VALUE(RIGHT(R64,1)) -> 1 | AM64: =AA64 -> 15 | AN64: =IF(ISERROR(SEARCH("N",$AB64)),AM64,MAX(AM64-4,4)) -> 15
A65: Veronica | B65: Chouinard | C65: 3326 Kipling St. | D65: Palo Alto | E65: CA | F65: 94306 | G65: 617-710-7761 | H65: veronica.chouinard@gmail.com | I65: MUL | J65: 2025/08/16 | K65: 9 | L65: 1 | M65: =K65*L65 -> 9 | Q65: 251028t060000 | R65: 1 | S65: BRA | T65: 26 | U65: 2 | V65: 14 | W65: 26 | X65: 2 | Y65: 16 | Z65: =1000*(W65-T65)+100*(X65-U65)+(Y65-V65) -> 2 | AA65: 15 | AC65: Y | AE65: =(CODE(MID(H65,1,1))-43)+(CODE(MID(H65,2,1))-43)*80+(CODE(MID(H65,3,1))-43)*80*80+(CODE(MID(H65,4,1))-43)*80*80*80 -> 35275115 | AF65: =OR($S65="BEN",NOT(ISERROR(SEARCH("H",$AB65)))) -> FALSE | AG65: =OR($S65="BRA",NOT(ISERROR(SEARCH("H",$AB65)))) -> TRUE | AH65: =OR($S65="PGH",NOT(ISERROR(SEARCH("H",$AB65)))) -> FALSE | AI65: =OR($S65="LUD",NOT(ISERROR(SEARCH("H",$AB65)))) -> FALSE | AJ65: =DATE(T65+2000,U65,V65) -> 44605 | AK65: =DATE(2000+W65,X65,Y65) -> 44607 | AL65: =VALUE(RIGHT(R65,1)) -> 1 | AM65: =AA65 -> 15 | AN65: =IF(ISERROR(SEARCH("N",$AB65)),AM65,MAX(AM65-4,4)) -> 15
A66: Greg | B66: Prouty | G66: 916-606-9046 | H66: gprout009@gmail.com | I66: PGH | J66: 2025/07/19 | K66: 2 | L66: 1 | M66: =K66*L66 -> 2 | Q66: 251029t144100 | R66: 1 | S66: BEN | T66: 26 | U66: 1 | V66: 2 | W66: 26 | X66: 1 | Y66: 4 | Z66: =1000*(W66-T66)+100*(X66-U66)+(Y66-V66) -> 2 | AA66: 4 | AC66: Y | AE66: =(CODE(MID(H66,1,1))-43)+(CODE(MID(H66,2,1))-43)*80+(CODE(MID(H66,3,1))-43)*80*80+(CODE(MID(H66,4,1))-43)*80*80*80 -> 35275980 | AF66: =OR($S66="BEN",NOT(ISERROR(SEARCH("H",$AB66)))) -> TRUE | AG66: =OR($S66="BRA",NOT(ISERROR(SEARCH("H",$AB66)))) -> FALSE | AH66: =OR($S66="PGH",NOT(ISERROR(SEARCH("H",$AB66)))) -> FALSE | AI66: =OR($S66="LUD",NOT(ISERROR(SEARCH("H",$AB66)))) -> FALSE | AJ66: =DATE(T66+2000,U66,V66) -> 44562 | AK66: =DATE(2000+W66,X66,Y66) -> 44564 | AL66: =VALUE(RIGHT(R66,1)) -> 1 | AM66: =AA66 -> 4 | AN66: =IF(ISERROR(SEARCH("N",$AB66)),AM66,MAX(AM66-4,4)) -> 4
A67: Jason | B67: Martel-Dye | C67: 4216 8th Ave | D67: Sacramento | E67: CA | F67: 95817 | G67: 831-210-1162 | H67: Jasonmarteldye@gmail.com | I67: LUD | J67: 2025/10/04 | K67: 2 | L67: 1 | M67: =K67*L67 -> 2 | N67: failed e-mail test (repeatedly) | Q67: 251022t134000 | R67: 1 | S67: PGH | T67: 26 | U67: 1 | V67: 30 | W67: 26 | X67: 2 | Y67: 1 | Z67: 2 | AA67: 15 | AD67: declined | AE67: =(CODE(MID(H67,1,1))-43)+(CODE(MID(H67,2,1))-43)*80+(CODE(MID(H67,3,1))-43)*80*80+(CODE(MID(H67,4,1))-43)*80*80*80 -> 35281151 | AF67: =OR($S67="BEN",NOT(ISERROR(SEARCH("H",$AB67)))) -> FALSE | AG67: =OR($S67="BRA",NOT(ISERROR(SEARCH("H",$AB67)))) -> FALSE | AH67: =OR($S67="PGH",NOT(ISERROR(SEARCH("H",$AB67)))) -> TRUE | AI67: =OR($S67="LUD",NOT(ISERROR(SEARCH("H",$AB67)))) -> FALSE | AJ67: =DATE(T67+2000,U67,V67) -> 44590 | AK67: =DATE(2000+W67,X67,Y67) -> 44592 | AL67: =VALUE(RIGHT(R67,1)) -> 1 | AM67: =AA67 -> 15 | AN67: =IF(ISERROR(SEARCH("N",$AB67)),AM67,MAX(AM67-4,4)) -> 15
A68: Shuojing | B68: Wang | C68: 401 Camille Cir #17 | D68: San Jose | E68: CA | F68: 95134 | G68: 512-289-3570 | H68: shuojingwang@gmail.com | I68: PGH | J68: 2025/10/04 | K68: 2 | L68: 1 | M68: =K68*L68 -> 2 | Q68: 251021t184700 | R68: 1 | S68: BRA | T68: 26 | U68: 4 | V68: 3 | W68: 26 | X68: 4 | Y68: 5 | Z68: =1000*(W68-T68)+100*(X68-U68)+(Y68-V68) -> 2 | AA68: 2 | AC68: Y | AE68: =(CODE(MID(H68,1,1))-43)+(CODE(MID(H68,2,1))-43)*80+(CODE(MID(H68,3,1))-43)*80*80+(CODE(MID(H68,4,1))-43)*80*80*80 -> 35294552 | AF68: =OR($S68="BEN",NOT(ISERROR(SEARCH("H",$AB68)))) -> FALSE | AG68: =OR($S68="BRA",NOT(ISERROR(SEARCH("H",$AB68)))) -> TRUE | AH68: =OR($S68="PGH",NOT(ISERROR(SEARCH("H",$AB68)))) -> FALSE | AI68: =OR($S68="LUD",NOT(ISERROR(SEARCH("H",$AB68)))) -> FALSE | AJ68: =DATE(T68+2000,U68,V68) -> 44653 | AK68: =DATE(2000+W68,X68,Y68) -> 44655 | AL68: =VALUE(RIGHT(R68,1)) -> 1 | AM68: =AA68 -> 2 | AN68: =IF(ISERROR(SEARCH("N",$AB68)),AM68,MAX(AM68-4,4)) -> 2
A69: Jason | B69: McLachlan | G69: 530-913-8619 | H69: propwash876@gmail.com | I69: LUD | J69: 2025/10/04 | K69: 2 | L69: 1 | M69: 3 | N69: Leader | O69: L | Q69: 251101t084800 | R69: 1 | S69: BRA | T69: 26 | U69: 3 | V69: 6 | W69: 26 | X69: 3 | Y69: 8 | Z69: =1000*(W69-T69)+100*(X69-U69)+(Y69-V69) -> 2 | AA69: 8 | AC69: Y | AE69: =(CODE(MID(H69,1,1))-43)+(CODE(MID(H69,2,1))-43)*80+(CODE(MID(H69,3,1))-43)*80*80+(CODE(MID(H69,4,1))-43)*80*80*80 -> 35768949 | AF69: =OR($S69="BEN",NOT(ISERROR(SEARCH("H",$AB69)))) -> FALSE | AG69: =OR($S69="BRA",NOT(ISERROR(SEARCH("H",$AB69)))) -> TRUE | AH69: =OR($S69="PGH",NOT(ISERROR(SEARCH("H",$AB69)))) -> FALSE | AI69: =OR($S69="LUD",NOT(ISERROR(SEARCH("H",$AB69)))) -> FALSE | AJ69: =DATE(T69+2000,U69,V69) -> 44625 | AK69: =DATE(2000+W69,X69,Y69) -> 44627 | AL69: =VALUE(RIGHT(R69,1)) -> 1 | AM69: =AA69 -> 8 | AN69: =IF(ISERROR(SEARCH("N",$AB69)),AM69,MAX(AM69-4,4)) -> 8
A70: Charlie | B70: Hotz | C70: 205 Irwin | D70: San Rafael | E70: CA | G70: 650-450-2538 | H70: charlie.hotz@gmail.com | I70: BEN | J70: 2025/07/12 | K70: 5 | L70: 1 | M70: 5 | N70: Leader | O70: L | Q70: 251028t132400 | R70: 1 | S70: BEN | T70: 26 | U70: 2 | V70: 22 | W70: 26 | X70: 2 | Y70: 24 | Z70: =1000*(W70-T70)+100*(X70-U70)+(Y70-V70) -> 2 | AA70: 4 | AC70: Y | AE70: =(CODE(MID(H70,1,1))-43)+(CODE(MID(H70,2,1))-43)*80+(CODE(MID(H70,3,1))-43)*80*80+(CODE(MID(H70,4,1))-43)*80*80*80 -> 36702536 | AF70: =OR($S70="BEN",NOT(ISERROR(SEARCH("H",$AB70)))) -> TRUE | AG70: =OR($S70="BRA",NOT(ISERROR(SEARCH("H",$AB70)))) -> FALSE | AH70: =OR($S70="PGH",NOT(ISERROR(SEARCH("H",$AB70)))) -> FALSE | AI70: =OR($S70="LUD",NOT(ISERROR(SEARCH("H",$AB70)))) -> FALSE | AJ70: =DATE(T70+2000,U70,V70) -> 44613 | AK70: =DATE(2000+W70,X70,Y70) -> 44615 | AL70: =VALUE(RIGHT(R70,1)) -> 1 | AM70: =AA70 -> 4 | AN70: =IF(ISERROR(SEARCH("N",$AB70)),AM70,MAX(AM70-4,4)) -> 4
A71: Andy | B71: Crutchfield | C71: 687 Sand Harbor Rd | D71: South Lake Tahoe | E71: CA | F71: 96150 | G71: 913-481-1918 | H71: ajcrutch@gmail.com | I71: BRA | J71: 2025/09/20 | K71: 2 | L71: 1 | M71: =K71*L71 -> 2 | Q71: 251031t003100 | R71: 1 | S71: BEN | T71: 26 | U71: 4 | V71: 17 | W71: 26 | X71: 4 | Y71: 18 | Z71: =1000*(W71-T71)+100*(X71-U71)+(Y71-V71) -> 1 | AA71: 6 | AC71: Y | AE71: =(CODE(MID(H71,1,1))-43)+(CODE(MID(H71,2,1))-43)*80+(CODE(MID(H71,3,1))-43)*80*80+(CODE(MID(H71,4,1))-43)*80*80*80 -> 36715494 | AF71: =OR($S71="BEN",NOT(ISERROR(SEARCH("H",$AB71)))) -> TRUE | AG71: =OR($S71="BRA",NOT(ISERROR(SEARCH("H",$AB71)))) -> FALSE | AH71: =OR($S71="PGH",NOT(ISERROR(SEARCH("H",$AB71)))) -> FALSE | AI71: =OR($S71="LUD",NOT(ISERROR(SEARCH("H",$AB71)))) -> FALSE | AJ71: =DATE(T71+2000,U71,V71) -> 44667 | AK71: =DATE(2000+W71,X71,Y71) -> 44668 | AL71: =VALUE(RIGHT(R71,1)) -> 1 | AM71: =AA71 -> 6 | AN71: =IF(ISERROR(SEARCH("N",$AB71)),AM71,MAX(AM71-4,4)) -> 6
A72: Andy | B72: Crutchfield | C72: 687 Sand Harbor Rd | D72: South Lake Tahoe | E72: CA | F72: 96150 | G72: 913-481-1918 | H72: ajcrutch@gmail.com | I72: BRA | J72: 2025/09/20 | K72: 2 | L72: 1 | M72: =K72*L72 -> 2 | Q72: 251031t003100 | R72: 1 | S72: BRA | T72: 26 | U72: 4 | V72: 18 | W72: 26 | X72: 4 | Y72: 20 | Z72: =1000*(W72-T72)+100*(X72-U72)+(Y72-V72) -> 2 | AA72: 15 | AC72: Y | AE72: =(CODE(MID(H72,1,1))-43)+(CODE(MID(H72,2,1))-43)*80+(CODE(MID(H72,3,1))-43)*80*80+(CODE(MID(H72,4,1))-43)*80*80*80 -> 36715494 | AF72: =OR($S72="BEN",NOT(ISERROR(SEARCH("H",$AB72)))) -> FALSE | AG72: =OR($S72="BRA",NOT(ISERROR(SEARCH("H",$AB72)))) -> TRUE | AH72: =OR($S72="PGH",NOT(ISERROR(SEARCH("H",$AB72)))) -> FALSE | AI72: =OR($S72="LUD",NOT(ISERROR(SEARCH("H",$AB72)))) -> FALSE | AJ72: =DATE(T72+2000,U72,V72) -> 44668 | AK72: =DATE(2000+W72,X72,Y72) -> 44670 | AL72: =VALUE(RIGHT(R72,1)) -> 1 | AM72: =AA72 -> 15 | AN72: =IF(ISERROR(SEARCH("N",$AB72)),AM72,MAX(AM72-4,4)) -> 15
A73: James | B73: Lindemier | D73: Reno | E73: NV | G73: 775-530-5993 | H73: djmrtoad@hotmail.com | I73: PGH | J73: 2025/07/19 | K73: 2 | L73: 1 | M73: =K73*L73 -> 2 | N73: problem with e-mail test(?) | Q73: 251023t143345 | R73: 1 | S73: PGH | T73: 26 | U73: 3 | V73: 6 | W73: 26 | X73: 3 | Y73: 8 | Z73: =1000*(W73-T73)+100*(X73-U73)+(Y73-V73) -> 2 | AA73: 15 | AC73: Y | AE73: =(CODE(MID(H73,1,1))-43)+(CODE(MID(H73,2,1))-43)*80+(CODE(MID(H73,3,1))-43)*80*80+(CODE(MID(H73,4,1))-43)*80*80*80 -> 36779497 | AF73: =OR($S73="BEN",NOT(ISERROR(SEARCH("H",$AB73)))) -> FALSE | AG73: =OR($S73="BRA",NOT(ISERROR(SEARCH("H",$AB73)))) -> FALSE | AH73: =OR($S73="PGH",NOT(ISERROR(SEARCH("H",$AB73)))) -> TRUE | AI73: =OR($S73="LUD",NOT(ISERROR(SEARCH("H",$AB73)))) -> FALSE | AJ73: =DATE(T73+2000,U73,V73) -> 44625 | AK73: =DATE(2000+W73,X73,Y73) -> 44627 | AL73: =VALUE(RIGHT(R73,1)) -> 1 | AM73: =AA73 -> 15 | AN73: =IF(ISERROR(SEARCH("N",$AB73)),AM73,MAX(AM73-4,4)) -> 15
A74: Andreas | B74: Jorgensen | C74: 4101 32nd St. | D74: Sacramento | E74: CA | G74: 503-330-4897 | H74: Ajorgensen4897@gmail.com | I74: LUD | J74: 2025/10/04 | K74: 2 | L74: 1 | M74: =K74*L74 -> 2 | Q74: 251023t122300 | R74: 4 | S74: BEN | T74: 26 | U74: 3 | V74: 27 | W74: 26 | X74: 3 | Y74: 29 | Z74: =1000*(W74-T74)+100*(X74-U74)+(Y74-V74) -> 2 | AA74: 15 | AC74: Y | AE74: =(CODE(MID(H74,1,1))-43)+(CODE(MID(H74,2,1))-43)*80+(CODE(MID(H74,3,1))-43)*80*80+(CODE(MID(H74,4,1))-43)*80*80*80 -> 36792262 | AF74: =OR($S74="BEN",NOT(ISERROR(SEARCH("H",$AB74)))) -> TRUE | AG74: =OR($S74="BRA",NOT(ISERROR(SEARCH("H",$AB74)))) -> FALSE | AH74: =OR($S74="PGH",NOT(ISERROR(SEARCH("H",$AB74)))) -> FALSE | AI74: =OR($S74="LUD",NOT(ISERROR(SEARCH("H",$AB74)))) -> FALSE | AJ74: =DATE(T74+2000,U74,V74) -> 44646 | AK74: =DATE(2000+W74,X74,Y74) -> 44648 | AL74: =VALUE(RIGHT(R74,1)) -> 4 | AM74: =AA74 -> 15 | AN74: =IF(ISERROR(SEARCH("N",$AB74)),AM74,MAX(AM74-4,4)) -> 15
A75: Terri | B75: Michel | C75: 115 Independence Ct. | D75: Grass Valley | E75: CA | F75: 95945 | G75: 650-248-8335 | H75: terri.michel@gmail.com | I75: BRA | J75: 2025/09/20 | K75: 2 | L75: 1 | M75: =K75*L75 -> 2 | P75: LPC STS | Q75: 251023t171900 | R75: 1 | S75: BRA | T75: 26 | U75: 3 | V75: 20 | W75: 26 | X75: 3 | Y75: 22 | Z75: =1000*(W75-T75)+100*(X75-U75)+(Y75-V75) -> 2 | AA75: 8 | AC75: Y | AE75: =(CODE(MID(H75,1,1))-43)+(CODE(MID(H75,2,1))-43)*80+(CODE(MID(H75,3,1))-43)*80*80+(CODE(MID(H75,4,1))-43)*80*80*80 -> 36811113 | AF75: =OR($S75="BEN",NOT(ISERROR(SEARCH("H",$AB75)))) -> FALSE | AG75: =OR($S75="BRA",NOT(ISERROR(SEARCH("H",$AB75)))) -> TRUE | AH75: =OR($S75="PGH",NOT(ISERROR(SEARCH("H",$AB75)))) -> FALSE | AI75: =OR($S75="LUD",NOT(ISERROR(SEARCH("H",$AB75)))) -> FALSE | AJ75: =DATE(T75+2000,U75,V75) -> 44639 | AK75: =DATE(2000+W75,X75,Y75) -> 44641 | AL75: =VALUE(RIGHT(R75,1)) -> 1 | AM75: =AA75 -> 8 | AN75: =IF(ISERROR(SEARCH("N",$AB75)),AM75,MAX(AM75-4,4)) -> 8
A76: Lauren | B76: Tackbary | C76: 11030 Sundown Place | D76: Grass Valley | E76: CA | G76: 630-408-0591 | H76: lauren.tackbary@sierraclub.org | I76: CON | J76: 2025/10/18 | K76: 1 | L76: 1 | M76: =K76*L76 -> 1 | Q76: 251106t184300 | R76: S2 | S76: LUD | T76: 26 | U76: 3 | V76: 20 | W76: 26 | X76: 3 | Y76: 22 | Z76: =1000*(W76-T76)+100*(X76-U76)+(Y76-V76) -> 2 | AA76: 9 | AC76: Y | AD76: completed | AE76: =(CODE(MID(H76,1,1))-43)+(CODE(MID(H76,2,1))-43)*80+(CODE(MID(H76,3,1))-43)*80*80+(CODE(MID(H76,4,1))-43)*80*80*80 -> 36829985 | AF76: =OR($S76="BEN",NOT(ISERROR(SEARCH("H",$AB76)))) -> FALSE | AG76: =OR($S76="BRA",NOT(ISERROR(SEARCH("H",$AB76)))) -> FALSE | AH76: =OR($S76="PGH",NOT(ISERROR(SEARCH("H",$AB76)))) -> FALSE | AI76: =OR($S76="LUD",NOT(ISERROR(SEARCH("H",$AB76)))) -> TRUE | AJ76: =DATE(T76+2000,U76,V76) -> 44639 | AK76: =DATE(2000+W76,X76,Y76) -> 44641 | AL76: =VALUE(RIGHT(R76,1)) -> 2 | AM76: =AA76 -> 9 | AN76: =IF(ISERROR(SEARCH("N",$AB76)),AM76,MAX(AM76-4,4)) -> 9
A77: Isaac | B77: Scears | G77: 510-880-9995 | H77: iamscears199@aol.com | I77: PGH | J77: 2025/09/11 | K77: 2 | L77: 1 | M77: =K77*L77 -> 2 | N77: Private WP with ~6 others | Q77: 251021t203400 | R77: 1 | S77: PGH | T77: 26 | U77: 1 | V77: 12 | W77: 26 | X77: 1 | Y77: 15 | Z77: =1000*(W77-T77)+100*(X77-U77)+(Y77-V77) -> 3 | AA77: 15 | AC77: Y | AE77: =(CODE(MID(H77,1,1))-43)+(CODE(MID(H77,2,1))-43)*80+(CODE(MID(H77,3,1))-43)*80*80+(CODE(MID(H77,4,1))-43)*80*80*80 -> 37290782 | AF77: =OR($S77="BEN",NOT(ISERROR(SEARCH("H",$AB77)))) -> FALSE | AG77: =OR($S77="BRA",NOT(ISERROR(SEARCH("H",$AB77)))) -> FALSE | AH77: =OR($S77="PGH",NOT(ISERROR(SEARCH("H",$AB77)))) -> TRUE | AI77: =OR($S77="LUD",NOT(ISERROR(SEARCH("H",$AB77)))) -> FALSE | AJ77: =DATE(T77+2000,U77,V77) -> 44572 | AK77: =DATE(2000+W77,X77,Y77) -> 44575 | AL77: =VALUE(RIGHT(R77,1)) -> 1 | AM77: =AA77 -> 15 | AN77: =IF(ISERROR(SEARCH("N",$AB77)),AM77,MAX(AM77-4,4)) -> 15
A78: Scott | B78: Mattoon | G78: 415-601-7101 | H78: smattoon@gmail.com | I78: CON | J78: 2025/10/18 | K78: 2 | L78: 1 | M78: =K78*L78 -> 2 | N78: Leader | O78: L | Q78: 251031t210700 | R78: 1 | S78: BRA | T78: 26 | U78: 3 | V78: 15 | W78: 26 | X78: 3 | Y78: 17 | Z78: =1000*(W78-T78)+100*(X78-U78)+(Y78-V78) -> 2 | AA78: 3 | AC78: Y | AE78: =(CODE(MID(H78,1,1))-43)+(CODE(MID(H78,2,1))-43)*80+(CODE(MID(H78,3,1))-43)*80*80+(CODE(MID(H78,4,1))-43)*80*80*80 -> 37726952 | AF78: =OR($S78="BEN",NOT(ISERROR(SEARCH("H",$AB78)))) -> FALSE | AG78: =OR($S78="BRA",NOT(ISERROR(SEARCH("H",$AB78)))) -> TRUE | AH78: =OR($S78="PGH",NOT(ISERROR(SEARCH("H",$AB78)))) -> FALSE | AI78: =OR($S78="LUD",NOT(ISERROR(SEARCH("H",$AB78)))) -> FALSE | AJ78: =DATE(T78+2000,U78,V78) -> 44634 | AK78: =DATE(2000+W78,X78,Y78) -> 44636 | AL78: =VALUE(RIGHT(R78,1)) -> 1 | AM78: =AA78 -> 3 | AN78: =IF(ISERROR(SEARCH("N",$AB78)),AM78,MAX(AM78-4,4)) -> 3
A79: Keith | B79: Lemay | C79: 812 Hazel Dr. | D79: South Lake Tahoe | E79: CA | F79: 96150 | G79: 360-510-5824 | H79: keith.lemay@gmail.com | I79: LUD | J79: 2025/10/04 | K79: 2 | L79: 1 | M79: =K79*L79 -> 2 | Q79: 251029t185900 | R79: 1 | S79: PGH | T79: 26 | U79: 2 | V79: 21 | W79: 26 | X79: 2 | Y79: 22 | Z79: =1000*(W79-T79)+100*(X79-U79)+(Y79-V79) -> 1 | AA79: 4 | AC79: Y | AE79: =(CODE(MID(H79,1,1))-43)+(CODE(MID(H79,2,1))-43)*80+(CODE(MID(H79,3,1))-43)*80*80+(CODE(MID(H79,4,1))-43)*80*80*80 -> 37777504 | AF79: =OR($S79="BEN",NOT(ISERROR(SEARCH("H",$AB79)))) -> FALSE | AG79: =OR($S79="BRA",NOT(ISERROR(SEARCH("H",$AB79)))) -> FALSE | AH79: =OR($S79="PGH",NOT(ISERROR(SEARCH("H",$AB79)))) -> TRUE | AI79: =OR($S79="LUD",NOT(ISERROR(SEARCH("H",$AB79)))) -> FALSE | AJ79: =DATE(T79+2000,U79,V79) -> 44612 | AK79: =DATE(2000+W79,X79,Y79) -> 44613 | AL79: =VALUE(RIGHT(R79,1)) -> 1 | AM79: =AA79 -> 4 | AN79: =IF(ISERROR(SEARCH("N",$AB79)),AM79,MAX(AM79-4,4)) -> 4
A80: Scott | B80: Kidd | C80: 920 Carnelian Circle | D80: Carnelian Bay | E80: CA | F80: 96140 | G80: 925-297-9683 | H80: scottwkidd@gmail.com | I80: LUD | J80: 2025/10/04 | K80: 2 | L80: 1 | M80: =K80*L80 -> 2 | Q80: 251022t082900 | R80: 1 | S80: PGH | T80: 25 | U80: 12 | V80: 19 | W80: 25 | X80: 12 | Y80: 21 | Z80: =1000*(W80-T80)+100*(X80-U80)+(Y80-V80) -> 2 | AA80: 4 | AC80: Y | AE80: =(CODE(MID(H80,1,1))-43)+(CODE(MID(H80,2,1))-43)*80+(CODE(MID(H80,3,1))-43)*80*80+(CODE(MID(H80,4,1))-43)*80*80*80 -> 37815752 | AF80: =OR($S80="BEN",NOT(ISERROR(SEARCH("H",$AB80)))) -> FALSE | AG80: =OR($S80="BRA",NOT(ISERROR(SEARCH("H",$AB80)))) -> FALSE | AH80: =OR($S80="PGH",NOT(ISERROR(SEARCH("H",$AB80)))) -> TRUE | AI80: =OR($S80="LUD",NOT(ISERROR(SEARCH("H",$AB80)))) -> FALSE | AJ80: =DATE(T80+2000,U80,V80) -> 44548 | AK80: =DATE(2000+W80,X80,Y80) -> 44550 | AL80: =VALUE(RIGHT(R80,1)) -> 1 | AM80: =AA80 -> 4 | AN80: =IF(ISERROR(SEARCH("N",$AB80)),AM80,MAX(AM80-4,4)) -> 4
A81: Eric | B81: Liebendorfer | G81: 775-315-5360 | H81: protourchef@hotmail.com | I81: BEN | J81: 2025/09/19 | K81: 2 | L81: 1 | M81: =K81*L81 -> 2 | Q81: 251023t112400 | R81: 1 | S81: BEN | T81: 26 | U81: 3 | V81: 3 | W81: 26 | X81: 3 | Y81: 5 | Z81: =1000*(W81-T81)+100*(X81-U81)+(Y81-V81) -> 2 | AA81: 6 | AB81: D | AC81: Y | AE81: =(CODE(MID(H81,1,1))-43)+(CODE(MID(H81,2,1))-43)*80+(CODE(MID(H81,3,1))-43)*80*80+(CODE(MID(H81,4,1))-43)*80*80*80 -> 37816949 | AF81: =OR($S81="BEN",NOT(ISERROR(SEARCH("H",$AB81)))) -> TRUE | AG81: =OR($S81="BRA",NOT(ISERROR(SEARCH("H",$AB81)))) -> FALSE | AH81: =OR($S81="PGH",NOT(ISERROR(SEARCH("H",$AB81)))) -> FALSE | AI81: =OR($S81="LUD",NOT(ISERROR(SEARCH("H",$AB81)))) -> FALSE | AJ81: =DATE(T81+2000,U81,V81) -> 44622 | AK81: =DATE(2000+W81,X81,Y81) -> 44624 | AL81: =VALUE(RIGHT(R81,1)) -> 1 | AM81: =AA81 -> 6 | AN81: =IF(ISERROR(SEARCH("N",$AB81)),AM81,MAX(AM81-4,4)) -> 6
A82: Martin | B82: Carnogursky | C82: 1300 Page #1 | D82: San Francisco | E82: CA | G82: 650-722-2931 | H82: martin.p.carnogursky@gmail.com | I82: CON | J82: 2025/10/18 | K82: 2 | L82: 1 | M82: =K82*L82 -> 2 | Q82: 251027t215000 | R82: 1 | S82: BRA | T82: 26 | U82: 1 | V82: 30 | W82: 26 | X82: 2 | Y82: 1 | Z82: 2 | AA82: 15 | AB82: N | AC82: Y | AE82: =(CODE(MID(H82,1,1))-43)+(CODE(MID(H82,2,1))-43)*80+(CODE(MID(H82,3,1))-43)*80*80+(CODE(MID(H82,4,1))-43)*80*80*80 -> 37834786 | AF82: =OR($S82="BEN",NOT(ISERROR(SEARCH("H",$AB82)))) -> FALSE | AG82: =OR($S82="BRA",NOT(ISERROR(SEARCH("H",$AB82)))) -> TRUE | AH82: =OR($S82="PGH",NOT(ISERROR(SEARCH("H",$AB82)))) -> FALSE | AI82: =OR($S82="LUD",NOT(ISERROR(SEARCH("H",$AB82)))) -> FALSE | AJ82: =DATE(T82+2000,U82,V82) -> 44590 | AK82: =DATE(2000+W82,X82,Y82) -> 44592 | AL82: =VALUE(RIGHT(R82,1)) -> 1 | AM82: =AA82 -> 15 | AN82: =IF(ISERROR(SEARCH("N",$AB82)),AM82,MAX(AM82-4,4)) -> 11
A83: Wister | B83: Walcott | C83: 857 Ashbury St. | D83: San Francisco | E83: CA | F83: 94117 | G83: 415-867-6799 | H83: wister@gmail.com | I83: LUD | J83: 2025/10/04 | K83: 2 | L83: 1 | M83: =K83*L83 -> 2 | Q83: 251027t105300 | R83: 1 | S83: PGH | T83: 26 | U83: 3 | V83: 20 | W83: 26 | X83: 3 | Y83: 22 | Z83: =1000*(W83-T83)+100*(X83-U83)+(Y83-V83) -> 2 | AA83: 6 | AB83: HDN | AC83: Y | AE83: =(CODE(MID(H83,1,1))-43)+(CODE(MID(H83,2,1))-43)*80+(CODE(MID(H83,3,1))-43)*80*80+(CODE(MID(H83,4,1))-43)*80*80*80 -> 37841836 | AF83: =OR($S83="BEN",NOT(ISERROR(SEARCH("H",$AB83)))) -> TRUE | AG83: =OR($S83="BRA",NOT(ISERROR(SEARCH("H",$AB83)))) -> TRUE | AH83: =OR($S83="PGH",NOT(ISERROR(SEARCH("H",$AB83)))) -> TRUE | AI83: =OR($S83="LUD",NOT(ISERROR(SEARCH("H",$AB83)))) -> TRUE | AJ83: =DATE(T83+2000,U83,V83) -> 44639 | AK83: =DATE(2000+W83,X83,Y83) -> 44641 | AL83: =VALUE(RIGHT(R83,1)) -> 1 | AM83: =AA83 -> 6 | AN83: =IF(ISERROR(SEARCH("N",$AB83)),AM83,MAX(AM83-4,4)) -> 4
A84: Matt | B84: Alexander | D84: Truckee | E84: CA | G84: 650-223-5995 | H84: matthewwalexander@gmail.com | I84: PGH | J84: 2025/07/19 | K84: 2 | L84: 1 | M84: =K84*L84 -> 2 | Q84: 251031t200600 | R84: 1 | S84: BEN | T84: 26 | U84: 3 | V84: 20 | W84: 26 | X84: 3 | Y84: 22 | Z84: =1000*(W84-T84)+100*(X84-U84)+(Y84-V84) -> 2 | AA84: 5 | AB84: N | AC84: Y | AE84: =(CODE(MID(H84,1,1))-43)+(CODE(MID(H84,2,1))-43)*80+(CODE(MID(H84,3,1))-43)*80*80+(CODE(MID(H84,4,1))-43)*80*80*80 -> 37847586 | AF84: =OR($S84="BEN",NOT(ISERROR(SEARCH("H",$AB84)))) -> TRUE | AG84: =OR($S84="BRA",NOT(ISERROR(SEARCH("H",$AB84)))) -> FALSE | AH84: =OR($S84="PGH",NOT(ISERROR(SEARCH("H",$AB84)))) -> FALSE | AI84: =OR($S84="LUD",NOT(ISERROR(SEARCH("H",$AB84)))) -> FALSE | AJ84: =DATE(T84+2000,U84,V84) -> 44639 | AK84: =DATE(2000+W84,X84,Y84) -> 44641 | AL84: =VALUE(RIGHT(R84,1)) -> 1 | AM84: =AA84 -> 5 | AN84: =IF(ISERROR(SEARCH("N",$AB84)),AM84,MAX(AM84-4,4)) -> 4
A85: Danielle | B85: YoungSmith | D85: Truckee | E85: CA | G85: 720-210-7930 | H85: dyoungsmith@gmail.com | I85: PGH | J85: 2025/07/19 | K85: 2 | L85: 1 | M85: =K85*L85 -> 2 | Q85: 251103t070200 | R85: S1 | S85: PGH | T85: 26 | U85: 1 | V85: 17 | W85: 26 | X85: 1 | Y85: 19 | Z85: =1000*(W85-T85)+100*(X85-U85)+(Y85-V85) -> 2 | AA85: 3 | AC85: Y | AD85: completed | AE85: =(CODE(MID(H85,1,1))-43)+(CODE(MID(H85,2,1))-43)*80+(CODE(MID(H85,3,1))-43)*80*80+(CODE(MID(H85,4,1))-43)*80*80*80 -> 38329497 | AF85: =OR($S85="BEN",NOT(ISERROR(SEARCH("H",$AB85)))) -> FALSE | AG85: =OR($S85="BRA",NOT(ISERROR(SEARCH("H",$AB85)))) -> FALSE | AH85: =OR($S85="PGH",NOT(ISERROR(SEARCH("H",$AB85)))) -> TRUE | AI85: =OR($S85="LUD",NOT(ISERROR(SEARCH("H",$AB85)))) -> FALSE | AJ85: =DATE(T85+2000,U85,V85) -> 44577 | AK85: =DATE(2000+W85,X85,Y85) -> 44579 | AL85: =VALUE(RIGHT(R85,1)) -> 1 | AM85: =AA85 -> 3 | AN85: =IF(ISERROR(SEARCH("N",$AB85)),AM85,MAX(AM85-4,4)) -> 3
A86: Steven | B86: Pong | C86: 732 56th St. | D86: Oakland | E86: CA | F86: 94609 | G86: 646-708-3782 | H86: stevenpong@gmail.com | I86: BEN | J86: 2025/07/12 | K86: 2 | L86: 1 | M86: 2 | Q86: 251029t102600 | R86: 5 | S86: PGH | T86: 26 | U86: 3 | V86: 27 | W86: 26 | X86: 3 | Y86: 29 | Z86: =1000*(W86-T86)+100*(X86-U86)+(Y86-V86) -> 2 | AA86: 6 | AB86: DN | AC86: Y | AE86: =(CODE(MID(H86,1,1))-43)+(CODE(MID(H86,2,1))-43)*80+(CODE(MID(H86,3,1))-43)*80*80+(CODE(MID(H86,4,1))-43)*80*80*80 -> 38777112 | AF86: =OR($S86="BEN",NOT(ISERROR(SEARCH("H",$AB86)))) -> FALSE | AG86: =OR($S86="BRA",NOT(ISERROR(SEARCH("H",$AB86)))) -> FALSE | AH86: =OR($S86="PGH",NOT(ISERROR(SEARCH("H",$AB86)))) -> TRUE | AI86: =OR($S86="LUD",NOT(ISERROR(SEARCH("H",$AB86)))) -> FALSE | AJ86: =DATE(T86+2000,U86,V86) -> 44646 | AK86: =DATE(2000+W86,X86,Y86) -> 44648 | AL86: =VALUE(RIGHT(R86,1)) -> 5 | AM86: =AA86 -> 6 | AN86: =IF(ISERROR(SEARCH("N",$AB86)),AM86,MAX(AM86-4,4)) -> 4
A87: Jan | B87: Vanous | C87: 170 Jersey St. | D87: San Francisco | E87: CA | F87: 94114 | G87: 301-801-6748 | H87: janv1992@gmail.com | I87: PGH | J87: 2025/07/19 | K87: 3 | L87: 1 | M87: =K87*L87 -> 3 | Q87: 251027t223300 | R87: 1 | S87: BRA | T87: 26 | U87: 2 | V87: 27 | W87: 26 | X87: 3 | Y87: 1 | Z87: 2 | AA87: 15 | AC87: Y | AE87: =(CODE(MID(H87,1,1))-43)+(CODE(MID(H87,2,1))-43)*80+(CODE(MID(H87,3,1))-43)*80*80+(CODE(MID(H87,4,1))-43)*80*80*80 -> 38833183 | AF87: =OR($S87="BEN",NOT(ISERROR(SEARCH("H",$AB87)))) -> FALSE | AG87: =OR($S87="BRA",NOT(ISERROR(SEARCH("H",$AB87)))) -> TRUE | AH87: =OR($S87="PGH",NOT(ISERROR(SEARCH("H",$AB87)))) -> FALSE | AI87: =OR($S87="LUD",NOT(ISERROR(SEARCH("H",$AB87)))) -> FALSE | AJ87: =DATE(T87+2000,U87,V87) -> 44618 | AK87: =DATE(2000+W87,X87,Y87) -> 44620 | AL87: =VALUE(RIGHT(R87,1)) -> 1 | AM87: =AA87 -> 15 | AN87: =IF(ISERROR(SEARCH("N",$AB87)),AM87,MAX(AM87-4,4)) -> 15
A88: Chris | B88: Lewis | D88: Chico | E88: CA | G88: 530-370-6424 | H88: clewis8255@gmail.com | I88: BRA | J88: 2025/08/20 | K88: 1 | L88: 1 | M88: =K88*L88 -> 1 | N88: Leader | O88: L | Q88: 251022t104300 | R88: 1 | S88: BRA | T88: 26 | U88: 2 | V88: 20 | W88: 26 | X88: 2 | Y88: 23 | Z88: =1000*(W88-T88)+100*(X88-U88)+(Y88-V88) -> 3 | AA88: 15 | AC88: Y | AE88: =(CODE(MID(H88,1,1))-43)+(CODE(MID(H88,2,1))-43)*80+(CODE(MID(H88,3,1))-43)*80*80+(CODE(MID(H88,4,1))-43)*80*80*80 -> 39288456 | AF88: =OR($S88="BEN",NOT(ISERROR(SEARCH("H",$AB88)))) -> FALSE | AG88: =OR($S88="BRA",NOT(ISERROR(SEARCH("H",$AB88)))) -> TRUE | AH88: =OR($S88="PGH",NOT(ISERROR(SEARCH("H",$AB88)))) -> FALSE | AI88: =OR($S88="LUD",NOT(ISERROR(SEARCH("H",$AB88)))) -> FALSE | AJ88: =DATE(T88+2000,U88,V88) -> 44611 | AK88: =DATE(2000+W88,X88,Y88) -> 44614 | AL88: =VALUE(RIGHT(R88,1)) -> 1 | AM88: =AA88 -> 15 | AN88: =IF(ISERROR(SEARCH("N",$AB88)),AM88,MAX(AM88-4,4)) -> 15
A89: Alex | B89: Newcomb | C89: 5264 Minerva Ave | D89: Sacramento | E89: CA | F89: 95819 | G89: 916-502-1101 | H89: Alexwnewcomb@gmail.com | I89: LUD | J89: 2025/10/04 | K89: 2 | L89: 1 | M89: =K89*L89 -> 2 | Q89: 251105t223600 | R89: S1 | S89: BEN | T89: 26 | U89: 2 | V89: 20 | W89: 26 | X89: 2 | Y89: 22 | Z89: =1000*(W89-T89)+100*(X89-U89)+(Y89-V89) -> 2 | AA89: 5 | AC89: Y | AD89: completed | AE89: =(CODE(MID(H89,1,1))-43)+(CODE(MID(H89,2,1))-43)*80+(CODE(MID(H89,3,1))-43)*80*80+(CODE(MID(H89,4,1))-43)*80*80*80 -> 39800422 | AF89: =OR($S89="BEN",NOT(ISERROR(SEARCH("H",$AB89)))) -> TRUE | AG89: =OR($S89="BRA",NOT(ISERROR(SEARCH("H",$AB89)))) -> FALSE | AH89: =OR($S89="PGH",NOT(ISERROR(SEARCH("H",$AB89)))) -> FALSE | AI89: =OR($S89="LUD",NOT(ISERROR(SEARCH("H",$AB89)))) -> FALSE | AJ89: =DATE(T89+2000,U89,V89) -> 44611 | AK89: =DATE(2000+W89,X89,Y89) -> 44613 | AL89: =VALUE(RIGHT(R89,1)) -> 1 | AM89: =AA89 -> 5 | AN89: =IF(ISERROR(SEARCH("N",$AB89)),AM89,MAX(AM89-4,4)) -> 5
A90: Alex | B90: Govaerts | C90: 1740 Laguna St #401 | D90: San Francisco | E90: CA | G90: 415-610-1754 | H90: alexgovaerts@hotmail.com | I90: CON | J90: 2025/10/18 | K90: 2 | L90: 1 | M90: =K90*L90 -> 2 | Q90: 251024t115000 | R90: 1 | S90: PGH | T90: 26 | U90: 3 | V90: 19 | W90: 26 | X90: 3 | Y90: 20 | Z90: =1000*(W90-T90)+100*(X90-U90)+(Y90-V90) -> 1 | AA90: 15 | AC90: Y | AE90: =(CODE(MID(H90,1,1))-43)+(CODE(MID(H90,2,1))-43)*80+(CODE(MID(H90,3,1))-43)*80*80+(CODE(MID(H90,4,1))-43)*80*80*80 -> 39800454 | AF90: =OR($S90="BEN",NOT(ISERROR(SEARCH("H",$AB90)))) -> FALSE | AG90: =OR($S90="BRA",NOT(ISERROR(SEARCH("H",$AB90)))) -> FALSE | AH90: =OR($S90="PGH",NOT(ISERROR(SEARCH("H",$AB90)))) -> TRUE | AI90: =OR($S90="LUD",NOT(ISERROR(SEARCH("H",$AB90)))) -> FALSE | AJ90: =DATE(T90+2000,U90,V90) -> 44638 | AK90: =DATE(2000+W90,X90,Y90) -> 44639 | AL90: =VALUE(RIGHT(R90,1)) -> 1 | AM90: =AA90 -> 15 | AN90: =IF(ISERROR(SEARCH("N",$AB90)),AM90,MAX(AM90-4,4)) -> 15
A91: Rory | B91: O'Neill | C91: 874 58th St | D91: Oakland | E91: CA | F91: 94608 | G91: 240-705-4959 | H91: roryoneill6@gmail.com | I91: CON | J91: 2025/10/18 | K91: 2 | L91: 1 | M91: =K91*L91 -> 2 | Q91: 251030t212700 | R91: 4 | S91: PGH | T91: 26 | U91: 3 | V91: 13 | W91: 26 | X91: 3 | Y91: 15 | Z91: =1000*(W91-T91)+100*(X91-U91)+(Y91-V91) -> 2 | AA91: 15 | AB91: N | AC91: Y | AE91: =(CODE(MID(H91,1,1))-43)+(CODE(MID(H91,2,1))-43)*80+(CODE(MID(H91,3,1))-43)*80*80+(CODE(MID(H91,4,1))-43)*80*80*80 -> 40395911 | AF91: =OR($S91="BEN",NOT(ISERROR(SEARCH("H",$AB91)))) -> FALSE | AG91: =OR($S91="BRA",NOT(ISERROR(SEARCH("H",$AB91)))) -> FALSE | AH91: =OR($S91="PGH",NOT(ISERROR(SEARCH("H",$AB91)))) -> TRUE | AI91: =OR($S91="LUD",NOT(ISERROR(SEARCH("H",$AB91)))) -> FALSE | AJ91: =DATE(T91+2000,U91,V91) -> 44632 | AK91: =DATE(2000+W91,X91,Y91) -> 44634 | AL91: =VALUE(RIGHT(R91,1)) -> 4 | AM91: =AA91 -> 15 | AN91: =IF(ISERROR(SEARCH("N",$AB91)),AM91,MAX(AM91-4,4)) -> 11

Sheet requestors
A1: Requestor_ID | B1: Email | C1: first_name | D1: last_name | E1: address | F1: city | G1: state | H1: zip | I1: Phone | J1: Comments | K1: Credits | L1: login_code | M1: code_generated_when | N1: Admin | O1: Creation_date | P1: Last_mod_date | Q1: last_failed_login
A2: 1962792 | B2: sam.hoffman99@gmail.com | C2: Sam | D2: Hoffman | F2: Oakland | G2: CA | I2: 720-810-5776 | K2: 2 | N2: FALSE
A3: 1969495 | B3: ben.spielman1223@gmail.com | C3: Benjamin | D3: Spielman | F3: San Francisco | G3: CA | I3: 301-830-0735 | K3: 2 | N3: FALSE
A4: 1975905 | B4: leo.stanislas@gmail.com | C4: Leo | D4: Stanislaus | F4: South Lake Tahoe | G4: CA | I4: 818-930-2028 | K4: 2 | N4: FALSE
A5: 2009181 | B5: hut.coord@yahoo.com | C5: Dick | D5: Simpson | F5: Palo Alto | G5: CA | I5: 650-494-9272 | K5: 14 | N5: TRUE
A6: 3147593 | B6: tk6174@gmail.com | C6: Teddy | D6: Koerner | F6: San Francisco | G6: CA | I6: 303-956-0501 | K6: 2 | N6: FALSE
A7: 3486858 | B7: elk1234567@yahoo.com | C7: Ethan | D7: Kennon | F7: San Francisco | G7: CA | I7: 707-315-9872 | K7: 4 | N7: FALSE
A8: 7212312 | B8: st1993@gmail.com | C8: Scott | D8: Bennett | F8: San Francisco | G8: CA | I8: 650-283-9916 | K8: 2 | N8: FALSE
A9: 27044381 | B9: hal_tompkins@yahoo.com | C9: Hal | D9: Tompkins | F9: Redwood City | G9: CA | I9: 650-400-8351 | K9: 2 | N9: FALSE
A10: 28075512 | B10: sjmac650@gmail.com | C10: Sarah | D10: MacPherson | F10: San Francisco | G10: CA | I10: 650-334-1015 | K10: 2 | N10: FALSE
A11: 28075894 | B11: aomalley17@gmail.com | C11: Anna | D11: O'Malley | F11: San Francisco | G11: CA | I11: 802-540-5101 | K11: 2 | N11: FALSE
A12: 28090137 | B12: d1passmore@yahoo.com | C12: David | D12: Passmore | F12: San Francisco | G12: CA | I12: 650-215-0374 | K12: 2 | N12: FALSE
A13: 28106784 | B13: karadu422@gmail.com | C13: Kate | D13: Radu | F13: Redwood City | G13: CA | I13: 214-402-3918 | K13: 2 | N13: FALSE
... A20: 29098784 | B20: kamcrae@yahoo.com | C20: Katie | D20: McRae | F20: Carson City | G20: NV | I20: 775-220-9792 | K20: 3 | N20: FALSE
A21: 29099095 | B21: bemcrae@yahoo.com | C21: Brian | D21: McRae | I21: 775-230-4338 | K21: 2 | N21: FALSE
A22: 29144226 | B22: mitchell.hannah@gmail.com | C22: Hannah | D22: Mitchell | F22: Oakland | G22: CA | I22: 510-282-2108 | K22: 1 | N22: FALSE
A23: 29176534 | B23: amychen2012@gmail.com | C23: Amy | D23: Chen | F23: San Francisco | G23: CA | I23: 248-321-0848 | K23: 2 | N23: FALSE
A24: 29618303 | B24: jondlittle@gmail.com | C24: Jon | D24: Little | F24: San Francisco | G24: CA | I24: 802-318-8831 | K24: 2 | N24: FALSE
A25: 30097345 | B25: lciemniecki@gmail.com | C25: Leonard | D25: Ciemniecki | F25: San Francisco | G25: CA | I25: 248-925-9102 | K25: 2 | N25: FALSE
A26: 30109983 | B26: jakeisthesnake@gmail.com | C26: Jake | D26: Parkhurst | F26: Pinole | G26: CA | I26: 510-293-1751 | K26: 2 | N26: FALSE
A27: 30111101 | B27: hoketc11@gmail.com | C27: Tom | D27: Hoke | I27: 804-441-5844 | K27: 2 | N27: FALSE
A28: 30111585 | B28: luke.w.bonham@gmail.com | C28: Luke | D28: Bonham | F28: San Francisco | G28: CA | I28: 714-277-9643 | K28: 2 | N28: FALSE
A29: 30118313 | B29: tyler11alves@gmail.com | C29: Tyler | D29: Alves | I29: 510-612-1486 | K29: 2 | N29: FALSE
A30: 30129177 | B30: daneemk@gmail.com | C30: Danee | D30: Kenyon | F30: Mountain View | G30: CA | I30: 760-859-7653 | K30: 2 | N30: FALSE
A31: 31583107 | B31: noahbudnick@gmail.com | C31: Noah | D31: Budnick | F31: Berkeley | G31: CA | I31: 917-684-7912 | K31: 4 | N31: FALSE
A32: 31698303 | B32: joshuafoster1@gmail.com | C32: Joshua | D32: Foster | I32: 530-848-8071 | K32: 2 | N32: FALSE
A33: 32095336 | B33: craigmhaupt@gmail.com | C33: Craig | D33: Haupt | F33: Sunnyvale | G33: CA | I33: 408-329-3081 | K33: 2 | N33: FALSE
A34: 32177177 | B34: danielnelli05@gmail.com | C34: Daniel | D34: Nelli | I34: 704-868-3288 | K34: 2 | N34: FALSE
A35: 32203336 | B35: chrishansenmd@comcast.net | C35: Chris | D35: Hansen | I35: 831-238-0321 | K35: 2 | N35: FALSE
A36: 32222463 | B36: jguild10@gmail.com | C36: Jeff | D36: Guild | I36: 510-708-7701 | K36: 1 | N36: FALSE
A37: 32223105 | B37: louisschueller@gmail.com | C37: Louis | D37: Schueller | F37: Redwood City | G37: CA | I37: 650-743-5226 | K37: 2 | N37: FALSE
A38: 32241505 | B38: lexiarlen@gmail.com | C38: Lexi | D38: Arlen | F38: Menlo Park | G38: CA | I38: 925-309-7104 | K38: 2 | N38: FALSE
A39: 33131427 | B39: nickhunnewell@gmail.com | C39: Nick | D39: Hunnewell | F39: San Francisco | G39: CA | I39: 508-314-8721 | K39: 2 | N39: FALSE
A40: 33131431 | B40: rickards050@gmail.com | C40: Matt | D40: Rickards | F40: Sausalito | G40: CA | I40: 781-910-3917 | K40: 2 | N40: FALSE
A41: 33182627 | B41: nikkival17@gmail.com | C41: Nikki | D41: Valentine | F41: Grass Valley | G41: CA | I41: 619-971-3254 | K41: 2 | N41: FALSE
A42: 33701021 | B42: hill_hiker@hotmail.com | C42: Chris | D42: Oakes | F42: Berkeley | G42: CA | I42: 510-331-6654 | K42: 2 | N42: FALSE
A43: 33701036 | B43: will94574@comcast.net | C43: Will | D43: Smithers | F43: San Francisco | G43: CA | I43: 707-363-0444 | K43: 2 | N43: FALSE
A44: 33701501 | B44: holly.ratcliff@gmail.com | C44: Holly | D44: Lemay | I44: 225-505-0593 | K44: 2 | N44: FALSE
A45: 33721337 | B45: dwolfowitz@gmail.com | C45: David | D45: Wolfowitz | I45: 301-642-6473 | K45: 2 | N45: FALSE
A46: 34226706 | B46: mtnmck@gmail.com | C46: Stephen | D46: McKinley | F46: Berkeley | G46: CA | I46: 781-336-8940 | K46: 2 | N46: FALSE
A47: 34654536 | B47: chan.sarahmarie@gmail.com | C47: Sarah-Marie | D47: Chan | F47: San Francisco | G47: CA | I47: 907-230-4470 | K47: 2 | N47: FALSE
A48: 34655911 | B48: ryanprouty@protonmail.com | C48: Ryan | D48: Prouty | I48: 916-221-8055 | K48: 2 | N48: FALSE
A49: 34680471 | B49: rlensch@yahoo.com | C49: Robert | D49: Lensch | F49: Saratoga | G49: CA | I49: 408-893-6751 | K49: 2 | N49: FALSE
A50: 34705185 | B50: lainahall606@gmail.com | C50: Laina | D50: Hall | F50: Berkeley | G50: CA | I50: 906-589-4074 | K50: 2 | N50: FALSE
A51: 34706538 | B51: erincalfee@gmail.com | C51: Erin | D51: Calfee | I51: 530-220-3968 | K51: 2 | N51: FALSE
A52: 34737193 | B52: tanner.neville@gmail.com | C52: Tanner | D52: Neville | I52: 510-919-5705 | K52: 2 | N52: FALSE
A53: 34737503 | B53: jenny.m.rempel@gmail.com | C53: Jenny | D53: Rempel | F53: Berkeley | G53: CA | I53: 559-284-6327 | K53: 2 | N53: FALSE
A54: 34769183 | B54: jasnault@chicouta.org | C54: Joe | D54: Asnault | I54: 530-966-5617 | K54: 1 | N54: FALSE
A55: 34808935 | B55: bryn.miller117@gmail.com | C55: Bryn | D55: Miller | F55: San Francisco | G55: CA | I55: 978-460-2875 | K55: 2 | N55: FALSE
A56: 35210793 | B56: tahoemountaintapas@gmail.com | C56: Miranda | D56: Worrell | I56: 530-448-0637 | K56: 2 | N56: FALSE
A57: 35244304 | B57: ktmori@gmail.com | C57: Kevin | D57: Mori | F57: Berkeley | G57: CA | I57: 630-310-9004 | K57: 2 | N57: FALSE
A58: 35261984 | B58: kapofahl@gmail.com | C58: Katie | D58: Pofahl | F58: South Lake Tahoe | G58: CA | I58: 925-255-3788 | K58: 2 | N58: FALSE
A59: 35275115 | B59: veronica.chouinard@gmail.com | C59: Veronica | D59: Chouinard | F59: Palo Alto | G59: CA | I59: 617-710-7761 | K59: 9 | N59: FALSE
A60: 35275980 | B60: gprout009@gmail.com | C60: Greg | D60: Prouty | I60: 916-606-9046 | K60: 2 | N60: FALSE
A61: 35281151 | B61: Jasonmarteldye@gmail.com | C61: Jason | D61: Martel-Dye | F61: Sacramento | G61: CA | I61: 831-210-1162 | K61: 2 | N61: FALSE
A62: 35294552 | B62: shuojingwang@gmail.com | C62: Shuojing | D62: Wang | F62: San Jose | G62: CA | I62: 512-289-3570 | K62: 2 | N62: FALSE
A63: 35768949 | B63: propwash876@gmail.com | C63: Jason | D63: McLachlan | I63: 530-913-8619 | K63: 3 | N63: TRUE
A64: 36702536 | B64: charlie.hotz@gmail.com | C64: Charlie | D64: Hotz | F64: San Rafael | G64: CA | I64: 650-450-2538 | K64: 5 | N64: FALSE
A65: 36715494 | B65: ajcrutch@gmail.com | C65: Andy | D65: Crutchfield | F65: South Lake Tahoe | G65: CA | I65: 913-481-1918 | K65: 2 | N65: FALSE
A66: 36779497 | B66: djmrtoad@hotmail.com | C66: James | D66: Lindemier | F66: Reno | G66: NV | I66: 775-530-5993 | K66: 2 | N66: FALSE
A67: 36792262 | B67: Ajorgensen4897@gmail.com | C67: Andreas | D67: Jorgensen | F67: Sacramento | G67: CA | I67: 503-330-4897 | K67: 2 | N67: FALSE
A68: 36811113 | B68: terri.michel@gmail.com | C68: Terri | D68: Michel | F68: Grass Valley | G68: CA | I68: 650-248-8335 | K68: 2 | N68: FALSE
A69: 36829985 | B69: lauren.tackbary@sierraclub.org | C69: Lauren | D69: Tackbary | F69: Grass Valley | G69: CA | I69: 630-408-0591 | K69: 1 | N69: FALSE
A70: 37290782 | B70: iamscears199@aol.com | C70: Isaac | D70: Scears | I70: 510-880-9995 | K70: 2 | N70: FALSE
A71: 37726952 | B71: smattoon@gmail.com | C71: Scott | D71: Mattoon | I71: 415-601-7101 | K71: 2 | N71: TRUE
A72: 37777504 | B72: keith.lemay@gmail.com | C72: Keith | D72: Lemay | F72: South Lake Tahoe | G72: CA | I72: 360-510-5824 | K72: 2 | N72: FALSE
A73: 37815752 | B73: scottwkidd@gmail.com | C73: Scott | D73: Kidd | F73: Carnelian Bay | G73: CA | I73: 925-297-9683 | K73: 2 | N73: FALSE
A74: 37816949 | B74: protourchef@hotmail.com | C74: Eric | D74: Liebendorfer | I74: 775-315-5360 | K74: 2 | N74: FALSE
A75: 37834786 | B75: martin.p.carnogursky@gmail.com | C75: Martin | D75: Carnogursky | F75: San Francisco | G75: CA | I75: 650-722-2931 | K75: 2 | N75: FALSE
A76: 37841836 | B76: wister@gmail.com | C76: Wister | D76: Walcott | F76: San Francisco | G76: CA | I76: 415-867-6799 | K76: 2 | N76: TRUE
A77: 37847586 | B77: matthewwalexander@gmail.com | C77: Matt | D77: Alexander | F77: Truckee | G77: CA | I77: 650-223-5995 | K77: 2 | N77: FALSE
A78: 38329497 | B78: dyoungsmith@gmail.com | C78: Danielle | D78: YoungSmith | F78: Truckee | G78: CA | I78: 720-210-7930 | K78: 2 | N78: FALSE
A79: 38777112 | B79: stevenpong@gmail.com | C79: Steven | D79: Pong | F79: Oakland | G79: CA | I79: 646-708-3782 | K79: 2 | N79: FALSE
A80: 38833183 | B80: janv1992@gmail.com | C80: Jan | D80: Vanous | F80: San Francisco | G80: CA | I80: 301-801-6748 | K80: 3 | N80: FALSE
A81: 39288456 | B81: clewis8255@gmail.com | C81: Chris | D81: Lewis | F81: Chico | G81: CA | I81: 530-370-6424 | K81: 1 | N81: FALSE
A82: 39800422 | B82: Alexwnewcomb@gmail.com | C82: Alex | D82: Newcomb | F82: Sacramento | G82: CA | I82: 916-502-1101 | K82: 2 | N82: FALSE
A83: 39800454 | B83: alexgovaerts@hotmail.com | C83: Alex | D83: Govaerts | F83: San Francisco | G83: CA | I83: 415-610-1754 | K83: 2 | N83: FALSE
A84: 40395911 | B84: roryoneill6@gmail.com | C84: Rory | D84: O'Neill | F84: Oakland | G84: CA | I84: 240-705-4959 | K84: 2 | N84: FALSE

Sheet requests.tsv
A1: Requestor_ID | B1: Benson | C1: Bradley | D1: Grubb | E1: Ludlow | F1: Arrival | G1: Departure | H1: Choice_Number | I1: Spots_ideal | J1: Spots_min | K1: Hut_granted | L1: Spots_granted | M1: Status | N1: Confirmed_How | O1: Creation_date | P1: Last_mod_date
A2: 1962792 | B2: TRUE | C2: TRUE | D2: TRUE | E2: TRUE | F2: 2027-02-06 | G2: 2027-02-07 | H2: 1 | I2: 9 | J2: 9
A3: 1969495 | B3: FALSE | C3: FALSE | D3: TRUE | E3: FALSE | F3: 2027-01-16 | G3: 2027-01-18 | H3: 3 | I3: 6 | J3: 6
A4: 1975905 | B4: TRUE | C4: FALSE | D4: FALSE | E4: FALSE | F4: 2027-03-12 | G4: 2027-03-13 | H4: 1 | I4: 12 | J4: 12
A5: 1975905 | B5: FALSE | C5: TRUE | D5: FALSE | E5: FALSE | F5: 2027-03-13 | G5: 2027-03-14 | H5: 1 | I5: 15 | J5: 15
A6: 2009181 | B6: FALSE | C6: FALSE | D6: TRUE | E6: FALSE | F6: 2027-01-29 | G6: 2027-01-31 | H6: 1 | I6: 15 | J6: 15
A7: 3147593 | B7: FALSE | C7: FALSE | D7: FALSE | E7: TRUE | F7: 2027-03-05 | G7: 2027-03-07 | H7: 4 | I7: 15 | J7: 15
A8: 3486858 | B8: TRUE | C8: FALSE | D8: FALSE | E8: FALSE | F8: 2027-01-15 | G8: 2027-01-18 | H8: 1 | I8: 12 | J8: 8
A9: 7212312 | B9: FALSE | C9: FALSE | D9: TRUE | E9: FALSE | F9: 2027-01-16 | G9: 2027-01-18 | H9: 1 | I9: 6 | J9: 6
A10: 27044381 | B10: FALSE | C10: TRUE | D10: FALSE | E10: FALSE | F10: 2027-01-23 | G10: 2027-01-25 | H10: 1 | I10: 15 | J10: 15
A11: 28075512 | B11: FALSE | C11: TRUE | D11: FALSE | E11: FALSE | F11: 2027-01-14 | G11: 2027-01-17 | H11: 1 | I11: 6 | J11: 4
A12: 28075894 | B12: TRUE | C12: FALSE | D12: FALSE | E12: FALSE | F12: 2027-03-13 | G12: 2027-03-14 | H12: 2 | I12: 7 | J12: 4
A13: 28090137 | B13: FALSE | C13: TRUE | D13: FALSE | E13: FALSE | F13: 2027-03-14 | G13: 2027-03-16 | H13: 1 | I13: 10 | J13: 6
... A91: 40395911 | B91: FALSE | C91: FALSE | D91: TRUE | E91: FALSE | F91: 2027-03-12 | G91: 2027-03-14 | H91: 4 | I91: 15 | J91: 11

Sheet Sheet2

Sheet Sheet3
